method,seed,epoch,seconds,learning_rate,loss,pde_loss,boundary_loss,interface_loss,keff,keff_error,flux_error,acceptance_score,paper_budget_reached
drm,2026071101,1,0.4965536999516189,0.001,1.856351375579834,1.856351375579834,0.0,0.0,0.6003541802396496,0.38031153980217836,1.961101659204695,1347.7622078183372,0
drm,2026071101,250,9.143741799984127,0.001,1.041580080986023,1.041580080986023,0.0,0.0,0.9597594519680078,0.009331696977696292,0.8571993302546256,33.070015513843266,0
drm,2026071101,500,17.150899899890646,0.001,1.0388944149017334,1.0388944149017334,0.0,0.0,0.9615824598988033,0.007449979460359914,0.8370222672764043,26.401514849953628,0
drm,2026071101,750,24.680503699928522,0.001,1.03949773311615,1.03949773311615,0.0,0.0,0.9620202622096138,0.006998077818317722,0.8210782114317466,24.800048969869312,0
drm,2026071101,1000,33.505827999906614,0.001,1.0395158529281616,1.0395158529281616,0.0,0.0,0.9622235110124507,0.00678828343058346,0.8006859718763857,24.05657180021072,0
drm,2026071101,1250,47.45095339999534,0.001,1.202593445777893,1.202593445777893,0.0,0.0,0.8244321825804235,0.14901715258007484,0.8686880435749521,528.0925387344066,0
drm,2026071101,1500,57.46185309998691,0.001,1.0446597337722778,1.0446597337722778,0.0,0.0,0.9561644237086693,0.013042502365122543,1.3278646262532081,46.2205059363617,0
drm,2026071101,1750,64.5536398999393,0.001,1.0421370267868042,1.0421370267868042,0.0,0.0,0.9589931149016774,0.010122713767880487,0.951381464838031,35.87325029371496,0
drm,2026071101,2000,71.58449629996903,0.001,1.0423223972320557,1.0423223972320557,0.0,0.0,0.9602227811287175,0.008853446398929075,0.8456741894281763,31.375173289847172,0
drm,2026071101,2250,78.91416159993969,0.001,1.0398242473602295,1.0398242473602295,0.0,0.0,0.9610322404376106,0.00801791862344075,0.840248340261812,28.414198821464137,0
drm,2026071101,2500,86.0953700998798,0.001,1.040184497833252,1.040184497833252,0.0,0.0,0.961537894841686,0.007495979725757687,0.8290125468946072,26.564532304761812,0
drm,2026071101,2750,93.34549360000528,0.001,1.0397878885269165,1.0397878885269165,0.0,0.0,0.9618606324875187,0.007162848381999642,0.8253174647782239,25.383969033948695,0
drm,2026071101,3000,100.71474509988911,0.001,1.039463996887207,1.039463996887207,0.0,0.0,0.9621051768116471,0.006910428559406385,0.8166204950460973,24.489434259715022,0
drm,2026071101,3250,107.69061719998717,0.001,1.038618564605713,1.038618564605713,0.0,0.0,0.9623406542809133,0.006667367587826883,0.8032058338494283,23.62806573048013,0
drm,2026071101,3500,114.68578289984725,0.001,1.0380183458328247,1.0380183458328247,0.0,0.0,0.9625509835691917,0.006450264689108515,0.7855635082066305,22.858688387229837,0
drm,2026071101,3750,121.70631909999065,0.001,1.037974238395691,1.037974238395691,0.0,0.0,0.9628051581238581,0.006187904496430485,0.7747191345580942,21.92892655904205,0
drm,2026071101,4000,128.76107280002907,0.001,1.038420557975769,1.038420557975769,0.0,0.0,0.9630912011517859,0.005892649513020303,0.7341716087433862,20.882590945567735,0
drm,2026071101,4250,135.7850798999425,0.001,1.0383083820343018,1.0383083820343018,0.0,0.0,0.9634881919785984,0.005482873680224641,0.6543324952448129,19.4304120781935,0
drm,2026071101,4500,142.76383609999903,0.001,1.036513090133667,1.036513090133667,0.0,0.0,0.9643131415835269,0.004631356746978857,0.4851829181915258,16.412774636681753,0
drm,2026071101,4750,149.9804805999156,0.001,1.0363093614578247,1.0363093614578247,0.0,0.0,0.9646921206378711,0.004240172751990982,0.36750807463257107,15.026482216992637,0
drm,2026071101,5000,156.98963969992474,0.001,1.0403659343719482,1.0403659343719482,0.0,0.0,0.9613141981528619,0.007726880519341553,0.8260453670348298,27.382807142042502,0
drm,2026071101,5250,164.03638249984942,0.001,1.0372567176818848,1.0372567176818848,0.0,0.0,0.9640707987338949,0.004881504197053157,0.5881452129694548,17.29925649249825,0
drm,2026071101,5500,171.08944619982503,0.001,1.0356849431991577,1.0356849431991577,0.0,0.0,0.9658441823536387,0.0030510091312565286,0.33126287261309895,10.812279861281908,0
drm,2026071101,5750,178.01805939991027,0.001,1.0347758531570435,1.0347758531570435,0.0,0.0,0.966479910674809,0.002394807313368095,0.22829566049869948,8.48680740438052,0
drm,2026071101,6000,185.11301229987293,0.001,1.034623146057129,1.034623146057129,0.0,0.0,0.966650054667089,0.0022191838696439085,0.20777408582761234,7.8644264995531525,0
drm,2026071101,6250,192.11782689997926,0.001,1.0343842506408691,1.0343842506408691,0.0,0.0,0.9667481470539224,0.002117932438147781,0.21606408827177895,7.505607903280818,0
drm,2026071101,6500,199.0622546998784,0.001,1.034818172454834,1.034818172454834,0.0,0.0,0.9667952249788356,0.0020693383785759314,0.23097451857244372,7.333398464015634,0
drm,2026071101,6750,206.06165169994347,0.001,1.034510612487793,1.034510612487793,0.0,0.0,0.9668551249752515,0.0020075093153886186,0.20318341236548845,7.114286325709188,0
drm,2026071101,7000,213.08907500002533,0.001,1.0343087911605835,1.0343087911605835,0.0,0.0,0.9668782285448513,0.0019836617001947904,0.19847012775474104,7.029774258256398,0
drm,2026071101,7250,220.05302969994955,0.001,1.0345683097839355,1.0345683097839355,0.0,0.0,0.9667980758283341,0.0020663957180696657,0.25333036129012804,7.322970154049422,0
drm,2026071101,7500,227.09714780002832,0.001,1.0341509580612183,1.0341509580612183,0.0,0.0,0.96698125681187,0.001877315429531403,0.20614718683522593,6.652900381073794,0
drm,2026071101,7750,234.02209570002742,0.001,1.034020185470581,1.034020185470581,0.0,0.0,0.9669546977733373,0.001904729796307475,0.17958121796746046,6.750052435705844,0
drm,2026071101,8000,241.45211059995927,0.001,1.1228562593460083,1.1228562593460083,0.0,0.0,0.8864440443493115,0.08500821186074374,0.46909025780955177,301.2552691925145,0
drm,2026071101,8250,250.4029047000222,0.001,1.041062355041504,1.041062355041504,0.0,0.0,0.9612623671139903,0.007780380765905993,0.8278687064485757,27.572403309610863,0
drm,2026071101,8500,258.6163442998659,0.001,1.038297176361084,1.038297176361084,0.0,0.0,0.9631291485806911,0.005853479995157822,0.7018212200135692,20.743780548436536,0
drm,2026071101,8750,266.1811515998561,0.001,1.0366190671920776,1.0366190671920776,0.0,0.0,0.9642220847289862,0.004725346068346212,0.5975705630022301,16.745857496442742,0
drm,2026071101,9000,273.62455149996094,0.001,1.0361433029174805,1.0361433029174805,0.0,0.0,0.9651236624035421,0.0037947332746262516,0.4927560058409155,13.447917196917754,0
drm,2026071101,9250,281.4530133998487,0.001,1.0346533060073853,1.0346533060073853,0.0,0.0,0.9659922390347905,0.002898184315864488,0.3631627330744436,10.270693585174316,0
drm,2026071101,9500,288.87412559986115,0.001,1.035017490386963,1.035017490386963,0.0,0.0,0.9666989381316481,0.0021687261234020496,0.2581425891664884,7.685612458012792,0
drm,2026071101,9750,297.29197529982775,0.001,1.0340830087661743,1.0340830087661743,0.0,0.0,0.9669618121533811,0.0018973862991524904,0.2306162216001079,6.724028276817955,0
drm,2026071101,10000,307.6399842000101,0.001,1.03329336643219,1.03329336643219,0.0,0.0,0.9670326072932491,0.001824311216712282,0.1826217045596628,6.46506207637778,0
drm,2026071101,10250,319.9611942998599,0.001,1.034332513809204,1.034332513809204,0.0,0.0,0.9670902618330297,0.0017647999246183806,0.18076094842768647,6.254163741648525,0
drm,2026071101,10500,328.64666590001434,0.001,1.0336209535598755,1.0336209535598755,0.0,0.0,0.9671218530360454,0.0017321913335617567,0.19209623557239533,6.138604201437936,0
drm,2026071101,10750,339.9772919998504,0.001,1.0343304872512817,1.0343304872512817,0.0,0.0,0.9671370349260447,0.001716520513991791,0.2017416961637724,6.083069367041573,0
drm,2026071101,11000,352.17301679984666,0.001,1.0342622995376587,1.0342622995376587,0.0,0.0,0.9671555917541519,0.0016973660671429664,0.23709094852185944,6.015189124470077,0
drm,2026071101,11250,363.047817699844,0.001,1.0341168642044067,1.0341168642044067,0.0,0.0,0.96720687913497,0.0016444269870251238,0.1941560397447848,5.827581639468154,0
drm,2026071101,11500,371.3574632999953,0.001,1.0335017442703247,1.0335017442703247,0.0,0.0,0.9672279079656723,0.0016227209272581878,0.1929697223590594,5.750658895946516,0
drm,2026071101,11750,387.59118999983184,0.001,1.0338910818099976,1.0338910818099976,0.0,0.0,0.9672590509318422,0.0015905750084205476,0.1742988893127403,5.636738990787964,0
drm,2026071101,12000,403.8170183999464,0.001,1.03354811668396,1.03354811668396,0.0,0.0,0.9672883315728981,0.001560351390485065,0.1995901394975403,5.529631407204852,0
drm,2026071101,12250,426.05521030002274,0.001,1.0338042974472046,1.0338042974472046,0.0,0.0,0.9672539169104915,0.0015958743698477943,0.1813925222520643,5.655519065305104,0
drm,2026071101,12500,453.68403929984197,0.001,1.0334818363189697,1.0334818363189697,0.0,0.0,0.9673869017656223,0.001458606765460096,0.19453349118182597,5.169065013325168,0
drm,2026071101,12750,481.3801672998816,0.001,1.0340111255645752,1.0340111255645752,0.0,0.0,0.9674328693423933,0.0014111588125585684,0.17379280559574597,5.000917189590221,0
drm,2026071101,13000,516.91225139983,0.001,1.0334147214889526,1.0334147214889526,0.0,0.0,0.9674416942906373,0.0014020496587145786,0.19062857434550032,4.96863583072712,0
drm,2026071101,13250,553.1563554999884,0.001,1.0336613655090332,1.0336613655090332,0.0,0.0,0.967513152910342,0.0013282897292093137,0.19545252626045223,4.707242643735608,0
drm,2026071101,13500,579.5341872000135,0.001,1.0336741209030151,1.0336741209030151,0.0,0.0,0.9675898874655128,0.0012490839538472518,0.16129793064956444,4.4265502652464805,0
drm,2026071101,13750,596.2241835999303,0.001,1.0330677032470703,1.0330677032470703,0.0,0.0,0.9675861599803732,0.001252931481860824,0.14020811053981888,4.4401852784067755,0
drm,2026071101,14000,612.7824042998254,0.001,1.0333362817764282,1.0333362817764282,0.0,0.0,0.9675996967508409,0.001238958762550677,0.1619158176309612,4.390668234994249,0
drm,2026071101,14250,642.9492968998384,0.001,1.0332353115081787,1.0332353115081787,0.0,0.0,0.9677254953130278,0.0011091088841579614,0.13656049142505253,3.930501396831673,0
drm,2026071101,14500,680.5179568999447,0.001,1.033155083656311,1.033155083656311,0.0,0.0,0.9676835193164078,0.001152436708910155,0.15837929821753685,4.084048156886225,0
drm,2026071101,14750,700.8078974999953,0.001,1.0329375267028809,1.0329375267028809,0.0,0.0,0.9678030832538559,0.0010290222400331393,0.14256964078303955,3.646687362793746,0
drm,2026071101,15000,721.8902143000159,0.001,1.034397006034851,1.034397006034851,0.0,0.0,0.9677382372644308,0.001095956580893103,0.14697124946041873,3.883891774374878,0
drm,2026071101,15250,748.3271482998971,0.001,1.0334805250167847,1.0334805250167847,0.0,0.0,0.9678559549704026,0.0009744478009882742,0.13761343296415243,3.453284431881332,0
drm,2026071101,15500,788.4735826000106,0.001,1.032890796661377,1.032890796661377,0.0,0.0,0.9679440381971636,0.0008835278724570857,0.11324549495652726,3.1310790008401934,0
drm,2026071101,15750,815.4546920999419,0.001,1.0330017805099487,1.0330017805099487,0.0,0.0,0.9679721657553902,0.0008544944721405333,0.11371992090017324,3.0281893548108774,0
drm,2026071101,16000,844.7573577999137,0.001,1.0328928232192993,1.0328928232192993,0.0,0.0,0.9679606016777281,0.000866430968488715,0.11918914439545363,3.0704903554068856,0
drm,2026071101,16250,872.0093000000343,0.001,1.033088207244873,1.033088207244873,0.0,0.0,0.9679212394095179,0.0009070608902581401,0.09653803883689285,3.2144761863283726,0
drm,2026071101,16500,896.5972307999618,0.001,1.0328235626220703,1.0328235626220703,0.0,0.0,0.968065126522615,0.0007585399229820289,0.10943763257009032,2.6881420475654867,0
drm,2026071101,16750,927.5698930998333,0.001,1.0326287746429443,1.0326287746429443,0.0,0.0,0.9680811082519651,0.000742043505403443,0.09862223867521182,2.6296814281786203,0
drm,2026071101,17000,973.707727199886,0.001,1.0324722528457642,1.0324722528457642,0.0,0.0,0.9681035691119301,0.000718859298172916,0.11759805460420465,2.547520370589397,0
drm,2026071101,17250,1019.621306499932,0.001,1.032729983329773,1.032729983329773,0.0,0.0,0.9681300999396557,0.0006914740507269675,0.0988436578889396,2.450471510124628,0
drm,2026071101,17500,1042.4964748998173,0.001,1.0327401161193848,1.0327401161193848,0.0,0.0,0.9681746747759695,0.0006454636911957791,0.09428577645990018,2.2874182833502696,0
drm,2026071101,17750,1064.4763334000017,0.001,1.0323445796966553,1.0323445796966553,0.0,0.0,0.9681474323342167,0.0006735834700487764,0.10280055972420593,2.387070203589115,0
drm,2026071101,18000,1092.481782299932,0.001,1.0329537391662598,1.0329537391662598,0.0,0.0,0.9681890675143567,0.0006306074376994801,0.114764864047785,2.2347701385621948,0
drm,2026071101,18250,1116.6077530998737,0.001,1.032283902168274,1.032283902168274,0.0,0.0,0.9682418804149461,0.0005760937087674627,0.09623627735021953,2.041582354410173,0
drm,2026071101,18500,1146.2507698999252,0.001,1.032421350479126,1.032421350479126,0.0,0.0,0.9682634943775165,0.0005537836730837424,0.09070372818108008,1.9625192185262683,0
drm,2026071101,18750,1180.2340900998097,0.001,1.0328048467636108,1.0328048467636108,0.0,0.0,0.9682879059826279,0.0005285858973700111,0.07417440948758255,1.873222401906624,0
drm,2026071101,19000,1207.001529000001,0.001,1.032657504081726,1.032657504081726,0.0,0.0,0.9682987135135126,0.0005174303122289385,0.07513304162697275,1.8336888235485806,0
drm,2026071101,19250,1238.302387099946,0.001,1.0327836275100708,1.0327836275100708,0.0,0.0,0.9682948663270885,0.0005214013964817251,0.08850732590222823,1.8477616999139737,0
drm,2026071101,19500,1271.3798602998722,0.001,1.0328768491744995,1.0328768491744995,0.0,0.0,0.9682277389975965,0.0005906905474850172,0.10976228804884036,2.093311175437725,0
drm,2026071101,19750,1301.2309958999977,0.001,1.032781720161438,1.032781720161438,0.0,0.0,0.9683195048311146,0.0004959694146215683,0.08737456544308626,1.7576348948244678,0
drm,2026071101,20000,1352.120623299852,0.001,1.0331158638000488,1.0331158638000488,0.0,0.0,0.9683845556688152,0.00042882362839057476,0.09502670727760351,1.5196811552575475,0
drm,2026071101,20250,1387.684917599894,0.001,1.0324352979660034,1.0324352979660034,0.0,0.0,0.968404493313721,0.00040824389582882743,0.09231999456502549,1.4467499320604842,0
drm,2026071101,20500,1411.1844601000194,0.001,1.0322773456573486,1.0322773456573486,0.0,0.0,0.9683381795034517,0.0004766933283942033,0.11268891239833301,1.689323582090167,0
drm,2026071101,20750,1433.0567095000297,0.001,1.0326186418533325,1.0326186418533325,0.0,0.0,0.9683754231881643,0.0004382502186578443,0.11253548095259037,1.553087457147368,0
drm,2026071101,21000,1456.3879686000291,0.001,1.0318400859832764,1.0318400859832764,0.0,0.0,0.9684228736720026,0.00038927160197910497,0.07486101451235132,1.3795152100755015,0
drm,2026071101,21250,1484.171177699929,0.001,1.0320525169372559,1.0320525169372559,0.0,0.0,0.9684565336235754,0.00035452763875368774,0.09382434985769902,1.2563882583942438,0
drm,2026071101,21500,1514.2259907999542,0.001,1.0326594114303589,1.0326594114303589,0.0,0.0,0.9684265989209196,0.0003854263822051495,0.07391382758035761,1.3658883769407808,0
drm,2026071101,21750,1538.689006799832,0.001,1.0324140787124634,1.0324140787124634,0.0,0.0,0.968459883045409,0.00035107034949527125,0.06729512510194383,1.2441361878774941,0
drm,2026071101,22000,1564.319324299926,0.001,1.0324636697769165,1.0324636697769165,0.0,0.0,0.9684851233823287,0.00032501715283987095,0.07449964702568879,1.151807898645797,0
drm,2026071101,22250,1588.1088908999227,0.001,1.0319788455963135,1.0319788455963135,0.0,0.0,0.968489415453062,0.0003205868568724169,0.08253629888573191,1.1361076506925258,0
drm,2026071101,22500,1615.5415065998677,0.001,1.032963514328003,1.032963514328003,0.0,0.0,0.9684786597689418,0.0003316889255349209,0.07168269031627314,1.1754515753594192,0
drm,2026071101,22750,1665.7281920998357,0.001,1.0330168008804321,1.0330168008804321,0.0,0.0,0.9685532786708796,0.00025466693757267023,0.07052962731188177,0.9024981840409322,0
drm,2026071101,23000,1705.0385077998508,0.001,1.0319756269454956,1.0319756269454956,0.0,0.0,0.9684944274385623,0.000315413461434461,0.06170764016908028,1.1177739791426078,0
drm,2026071101,23250,1728.8565545999445,0.001,1.0328189134597778,1.0328189134597778,0.0,0.0,0.968549550079226,0.0002585156077352839,0.07782764536072893,0.9161372447915653,0
drm,2026071101,23500,1754.3007081998512,0.001,1.0325863361358643,1.0325863361358643,0.0,0.0,0.9684992182387133,0.0003104683745733614,0.08500724608152882,1.100249396035727,0
drm,2026071101,23750,1780.9298040999565,0.001,1.0329149961471558,1.0329149961471558,0.0,0.0,0.9685256835891319,0.0002831507131173188,0.056343359698764965,1.0034400493207132,0
drm,2026071101,24000,1809.9853415999096,0.001,1.03271484375,1.03271484375,0.0,0.0,0.968546620055782,0.00026153999196741856,0.06328282473015548,0.9268551703431093,0
drm,2026071101,24250,1838.865897799842,0.001,1.032660722732544,1.032660722732544,0.0,0.0,0.968544624235885,0.0002636000868238441,0.0990882726705029,1.1058712157150834,0
drm,2026071101,24500,1867.7078017999884,0.001,1.0325281620025635,1.0325281620025635,0.0,0.0,0.9685946487211939,0.00021196457349923007,0.08502033006043035,0.9488664322272979,0
drm,2026071101,24750,1895.722888099961,0.001,1.0325771570205688,1.0325771570205688,0.0,0.0,0.9685571287777313,0.00025069283884056234,0.0900433874394108,1.0049260891432201,0
drm,2026071101,25000,1925.5436829000246,0.001,1.0327765941619873,1.0327765941619873,0.0,0.0,0.9686202042113917,0.0001855860741208427,0.06248884094360279,0.6974045327515322,0
drm,2026071101,25250,1954.7768107999582,0.001,1.0329744815826416,1.0329744815826416,0.0,0.0,0.9686012564371859,0.0002051440574051712,0.08776529306256275,0.9795014962005619,0
drm,2026071101,25500,1985.9823063998483,0.001,1.0322926044464111,1.0322926044464111,0.0,0.0,0.968610736737468,0.000195358446048711,0.06997169383829491,0.7809166518414199,0
drm,2026071101,25750,2015.8428761998657,0.001,1.0325621366500854,1.0325621366500854,0.0,0.0,0.968629527949349,0.00017596206714597028,0.05415809075351351,0.6235809311289613,0
drm,2026071101,26000,2045.735307399882,0.001,1.032487154006958,1.032487154006958,0.0,0.0,0.9686154842452956,0.00019045804573116306,0.07288832685620203,0.81346763304616,0
drm,2026071101,26250,2070.33600429981,0.001,1.0319628715515137,1.0319628715515137,0.0,0.0,0.9686340740138738,0.00017126959757038802,0.09210314053654148,1.0279138918388147,0
drm,2026071101,26500,2091.8128355999943,0.001,1.0324307680130005,1.0324307680130005,0.0,0.0,0.9686406559974763,0.00016447564257195414,0.08645942748918305,0.9649274289545217,0
drm,2026071101,26750,2116.896758900024,0.001,1.0323622226715088,1.0323622226715088,0.0,0.0,0.968519343760355,0.00028969471474506224,0.08999513733946057,1.0266309261643711,0
drm,2026071101,27000,2139.467627399834,0.001,1.0322599411010742,1.0322599411010742,0.0,0.0,0.9686357496117811,0.00016954003738529975,0.07895974156690731,0.8812274454466118,0
drm,2026071101,27250,2163.126108299941,0.001,1.0327773094177246,1.0327773094177246,0.0,0.0,0.9686353140910497,0.0001699895839701137,0.09329618885665465,1.0412288660594033,0
drm,2026071101,27500,2184.79856549995,0.001,1.0321905612945557,1.0321905612945557,0.0,0.0,0.9686448832717931,0.00016011222977590253,0.09989974326717554,1.1149276050442574,0
drm,2026071101,27750,2203.936738499906,0.001,1.0317829847335815,1.0317829847335815,0.0,0.0,0.9686326386840457,0.00017275115189336837,0.07780129824019832,0.868298679049556,0
drm,2026071101,28000,2219.9813312999904,0.001,1.0320632457733154,1.0320632457733154,0.0,0.0,0.9686746694427015,0.00012936680150543373,0.07283778811155754,0.8129035971469112,0
drm,2026071101,28250,2239.7829050999135,0.001,1.0322239398956299,1.0322239398956299,0.0,0.0,0.9685376705687788,0.0002707776953150036,0.06351845746688055,0.9595920877277043,0
drm,2026071101,28500,2261.398457000032,0.001,1.032216191291809,1.032216191291809,0.0,0.0,0.9686767130668046,0.0001272573629184662,0.06368601759190835,0.7107655810351148,0
drm,2026071101,28750,2279.785622899886,0.001,1.0321158170700073,1.0321158170700073,0.0,0.0,0.968622324607676,0.00018339739092066408,0.05050045730906471,0.649930508613878,0
drm,2026071101,29000,2296.001990000019,0.001,1.0322656631469727,1.0322656631469727,0.0,0.0,0.9686624927417284,0.00014193565056931458,0.06786452578687517,0.7573996762000309,0
drm,2026071101,29250,2313.685446499847,0.001,1.0332075357437134,1.0332075357437134,0.0,0.0,0.9686484685079756,0.0001564115318170972,0.054829595385398874,0.6119237894845971,0
drm,2026071101,29500,2335.2124043998774,0.001,1.0323963165283203,1.0323963165283203,0.0,0.0,0.9685436176489998,0.0002646390906278162,0.1224550090839117,1.3666548635511673,0
drm,2026071101,29750,2356.5865265999455,0.001,1.0322277545928955,1.0322277545928955,0.0,0.0,0.9686601554557986,0.00014434820830032074,0.0971096351812444,1.0837887009357425,0
drm,2026071101,30000,2377.3339132999536,0.001,1.032539963722229,1.032539963722229,0.0,0.0,0.9686708650121728,0.000133293752918233,0.05156542489643083,0.5754941284394415,0
drm,2026071101,30250,,0.001,,,,,0.9685066,0.0003028,0.1412,1.576,0
drm,2026071101,30500,,0.001,,,,,0.96864809,0.0001568,0.0941,1.05,0
drm,2026071101,30750,,0.001,,,,,0.96868718,0.0001165,0.07868,0.878,0
drm,2026071101,31000,,0.001,,,,,0.9687042,9.889e-05,0.06756,0.754,0
drm,2026071101,31250,,0.001,,,,,0.96866517,0.0001392,0.09824,1.096,0
drm,2026071101,31500,,0.001,,,,,0.96866801,0.0001362,0.05713,0.638,0
drm,2026071101,31750,,0.001,,,,,0.96869816,0.0001051,0.09092,1.015,0
drm,2026071101,32000,,0.001,,,,,0.96866274,0.0001417,0.1125,1.256,0
drm,2026071101,32250,,0.001,,,,,0.9686984,0.0001049,0.09753,1.088,0
drm,2026071101,32500,,0.001,,,,,0.96869172,0.0001118,0.1052,1.174,0
drm,2026071101,32750,,0.001,,,,,0.96869273,0.0001107,0.0434,0.484,0
drm,2026071101,33000,,0.001,,,,,0.96867511,0.0001289,0.04499,0.502,0
drm,2026071101,33250,,0.001,,,,,0.96871853,8.409e-05,0.07734,0.863,0
drm,2026071101,33500,,0.001,,,,,0.96870681,9.619e-05,0.08243,0.92,0
drm,2026071101,33750,,0.001,,,,,0.968691,0.0001125,0.08229,0.918,0
drm,2026071101,34000,,0.001,,,,,0.96867893,0.000125,0.06614,0.738,0
drm,2026071101,34250,,0.001,,,,,0.96870245,0.0001007,0.1079,1.205,0
drm,2026071101,34500,,0.001,,,,,0.96869334,0.0001101,0.0913,1.019,0
drm,2026071101,34750,,0.001,,,,,0.96869818,0.0001051,0.07235,0.807,0
drm,2026071101,35000,,0.001,,,,,0.96872205,8.046e-05,0.05203,0.581,0
drm,2026071101,35250,,0.001,,,,,0.96872625,7.613e-05,0.05219,0.582,0
drm,2026071101,35500,,0.001,,,,,0.96869002,0.0001135,0.04608,0.514,0
drm,2026071101,35750,,0.001,,,,,0.96871326,8.953e-05,0.06465,0.722,0
drm,2026071101,36000,,0.001,,,,,0.96872853,7.377e-05,0.1004,1.12,0
drm,2026071101,36250,,0.001,,,,,0.9687316,7.06e-05,0.07017,0.783,0
drm,2026071101,36500,,0.001,,,,,0.96873651,6.554e-05,0.07002,0.781,0
drm,2026071101,36750,,0.001,,,,,0.96874071,6.12e-05,0.03777,0.422,0
drm,2026071101,37000,,0.001,,,,,0.96873544,6.664e-05,0.0691,0.771,0
drm,2026071101,37250,,0.001,,,,,0.96871627,8.643e-05,0.05257,0.587,0
drm,2026071101,37500,,0.001,,,,,0.96875029,5.131e-05,0.07461,0.833,0
drm,2026071101,37750,,0.001,,,,,0.96873062,7.162e-05,0.09033,1.008,0
drm,2026071101,38000,,0.001,,,,,0.96872845,7.386e-05,0.04572,0.51,0
drm,2026071101,38250,,0.001,,,,,0.96868955,0.000114,0.0814,0.909,0
drm,2026071101,38500,,0.001,,,,,0.96876307,3.812e-05,0.07762,0.866,0
drm,2026071101,38750,,0.001,,,,,0.96875658,4.482e-05,0.05481,0.612,0
drm,2026071101,39000,,0.001,,,,,0.96873823,6.376e-05,0.05963,0.665,0
drm,2026071101,39250,,0.001,,,,,0.96875285,4.867e-05,0.05197,0.58,0
drm,2026071101,39500,,0.001,,,,,0.96874268,5.917e-05,0.07922,0.884,0
drm,2026071101,39750,,0.001,,,,,0.96873652,6.553e-05,0.05365,0.599,0
drm,2026071101,40000,,0.001,,,,,0.96873931,6.264e-05,0.04912,0.548,0
drm,2026071101,40250,,0.001,,,,,0.96867972,0.0001242,0.1255,1.401,0
drm,2026071101,40500,,0.001,,,,,0.96877241,2.848e-05,0.06151,0.687,0
drm,2026071101,40750,,0.001,,,,,0.96869472,0.0001087,0.1183,1.32,0
drm,2026071101,41000,,0.001,,,,,0.96875424,4.724e-05,0.0689,0.769,0
drm,2026071101,41250,,0.001,,,,,0.96869722,0.0001061,0.03516,0.392,0
drm,2026071101,41500,,0.001,,,,,0.9687374,6.462e-05,0.09998,1.116,0
drm,2026071101,41750,,0.001,,,,,0.96874739,5.431e-05,0.09645,1.076,0
drm,2026071101,42000,,0.001,,,,,0.96875579,4.563e-05,0.06338,0.707,0
drm,2026071101,42250,,0.001,,,,,0.96875305,4.847e-05,0.08129,0.907,0
drm,2026071101,42500,,0.001,,,,,0.96873999,6.194e-05,0.04305,0.48,0
drm,2026071101,42750,,0.001,,,,,0.96875547,4.596e-05,0.06259,0.699,0
drm,2026071101,43000,,0.001,,,,,0.96876024,4.104e-05,0.04186,0.467,0
drm,2026071101,43250,,0.001,,,,,0.96877424,2.659e-05,0.06682,0.746,0
drm,2026071101,43500,,0.001,,,,,0.96874766,5.402e-05,0.09091,1.015,0
drm,2026071101,43750,,0.001,,,,,0.96877952,2.114e-05,0.07874,0.879,0
drm,2026071101,44000,,0.001,,,,,0.96874066,6.125e-05,0.04796,0.535,0
drm,2026071101,44250,,0.001,,,,,0.96877165,2.926e-05,0.05115,0.571,0
drm,2026071101,44500,,0.001,,,,,0.96876314,3.805e-05,0.07393,0.825,0
drm,2026071101,44750,,0.001,,,,,0.96875776,4.36e-05,0.09842,1.098,0
drm,2026071101,45000,,0.001,,,,,0.96871534,8.739e-05,0.09757,1.089,0
drm,2026071101,45250,,0.001,,,,,0.96874854,5.312e-05,0.05332,0.595,0
drm,2026071101,45500,,0.001,,,,,0.96878137,1.923e-05,0.06122,0.683,0
drm,2026071101,45750,,0.001,,,,,0.96877097,2.996e-05,0.05026,0.561,0
drm,2026071101,46000,,0.001,,,,,0.96878036,2.028e-05,0.08182,0.913,0
drm,2026071101,46250,,0.001,,,,,0.96877876,2.193e-05,0.06453,0.72,0
drm,2026071101,46500,,0.001,,,,,0.96871051,9.237e-05,0.1207,1.347,0
drm,2026071101,46750,,0.001,,,,,0.96866615,0.0001382,0.04466,0.498,0
drm,2026071101,47000,,0.001,,,,,0.96867636,0.0001276,0.04851,0.541,0
drm,2026071101,47250,,0.001,,,,,0.96876526,3.585e-05,0.1002,1.119,0
drm,2026071101,47500,,0.001,,,,,0.96873499,6.711e-05,0.1154,1.287,0
drm,2026071101,47750,,0.001,,,,,0.96876438,3.677e-05,0.07665,0.855,0
drm,2026071101,48000,,0.001,,,,,0.96877875,2.194e-05,0.05121,0.572,0
drm,2026071101,48250,,0.001,,,,,0.9687674,3.365e-05,0.04581,0.511,0
drm,2026071101,48500,,0.001,,,,,0.96876118,4.007e-05,0.0455,0.508,0
drm,2026071101,48750,,0.001,,,,,0.96870432,9.876e-05,0.06911,0.771,0
drm,2026071101,49000,,0.001,,,,,0.9687906,9.703e-06,0.0565,0.631,0
drm,2026071101,49250,,0.001,,,,,0.96875632,4.509e-05,0.1032,1.151,0
drm,2026071101,49500,,0.001,,,,,0.96877041,3.054e-05,0.0525,0.586,0
drm,2026071101,49750,,0.001,,,,,0.96873526,6.683e-05,0.0791,0.883,0
drm,2026071101,50000,,0.001,,,,,0.96877374,2.71e-05,0.07592,0.847,1
drm,2026071101,50250,,0.001,,,,,0.96878379,1.674e-05,0.08158,0.91,1
drm,2026071101,50500,,0.001,,,,,0.96871673,8.595e-05,0.04619,0.516,1
drm,2026071101,50750,,0.001,,,,,0.96879149,8.784e-06,0.04612,0.515,1
drm,2026071101,51000,,0.001,,,,,0.96877588,2.49e-05,0.04365,0.487,1
drm,2026071101,51250,,0.001,,,,,0.96867575,0.0001283,0.06324,0.706,1
drm,2026071101,51500,,0.001,,,,,0.96876745,3.36e-05,0.0748,0.835,1
drm,2026071101,51750,,0.001,,,,,0.9687793,2.136e-05,0.08061,0.9,1
drm,2026071101,52000,,0.001,,,,,0.96870815,9.481e-05,0.1172,1.308,1
drm,2026071101,52250,,0.001,,,,,0.96868403,0.0001197,0.06611,0.738,1
drm,2026071101,52500,,0.001,,,,,0.96876034,4.094e-05,0.09663,1.078,1
drm,2026071101,52750,,0.001,,,,,0.96878895,1.141e-05,0.04426,0.494,1
drm,2026071101,53000,,0.001,,,,,0.96878222,1.835e-05,0.07304,0.815,1
drm,2026071101,53250,,0.001,,,,,0.96878956,1.078e-05,0.07266,0.811,1
drm,2026071101,53500,,0.001,,,,,0.96877942,2.124e-05,0.08297,0.926,1
drm,2026071101,53750,,0.001,,,,,0.96876762,3.342e-05,0.07469,0.834,1
drm,2026071101,54000,,0.001,,,,,0.9687373,6.472e-05,0.03628,0.405,1
drm,2026071101,54250,,0.001,,,,,0.96878793,1.246e-05,0.05763,0.643,1
drm,2026071101,54500,,0.001,,,,,0.96878187,1.871e-05,0.09941,1.109,1
drm,2026071101,54750,,0.001,,,,,0.96876518,3.594e-05,0.06896,0.77,1
drm,2026071101,55000,,0.001,,,,,0.9686435,0.0001615,0.06038,0.674,1
drm,2026071101,55250,,0.001,,,,,0.96879866,1.384e-06,0.04679,0.522,1
drm,2026071101,55500,,0.001,,,,,0.9687545,4.696e-05,0.03145,0.351,1
drm,2026071101,55750,,0.001,,,,,0.96876288,3.831e-05,0.05871,0.655,1
drm,2026071101,56000,,0.001,,,,,0.96870218,0.000101,0.1204,1.344,1
drm,2026071101,56250,,0.001,,,,,0.96875254,4.899e-05,0.06863,0.766,1
drm,2026071101,56500,,0.001,,,,,0.96878832,1.206e-05,0.08028,0.896,1
drm,2026071101,56750,,0.001,,,,,0.96879345,6.762e-06,0.05623,0.628,1
drm,2026071101,57000,,0.001,,,,,0.9687894,1.095e-05,0.07771,0.867,1
drm,2026071101,57250,,0.001,,,,,0.96878892,1.143e-05,0.07975,0.89,1
drm,2026071101,57500,,0.001,,,,,0.96875779,4.357e-05,0.04276,0.477,1
drm,2026071101,57750,,0.001,,,,,0.96880348,3.588e-06,0.04984,0.556,1
drm,2026071101,58000,,0.001,,,,,0.9688087,8.983e-06,0.06933,0.774,1
drm,2026071101,58250,,0.001,,,,,0.96879076,9.539e-06,0.08228,0.918,1
drm,2026071101,58500,,0.001,,,,,0.96874098,6.093e-05,0.1222,1.364,1
drm,2026071101,58750,,0.001,,,,,0.96878497,1.551e-05,0.08823,0.985,1
drm,2026071101,59000,,0.001,,,,,0.96877502,2.578e-05,0.08803,0.982,1
drm,2026071101,59250,,0.001,,,,,0.96879697,3.127e-06,0.07343,0.82,1
drm,2026071101,59500,,0.001,,,,,0.96880288,2.974e-06,0.05352,0.597,1
drm,2026071101,59750,,0.001,,,,,0.96879154,8.729e-06,0.0435,0.485,1
drm,2026071101,60000,,0.001,,,,,0.96880321,3.315e-06,0.03864,0.431,1
drm,2026071101,60250,,0.001,,,,,0.968778,2.271e-05,0.03106,0.347,1
drm,2026071101,60500,,0.001,,,,,0.9687874,1.3e-05,0.08983,1.003,1
drm,2026071101,60750,,0.001,,,,,0.96878966,1.067e-05,0.06054,0.676,1
drm,2026071101,61000,,0.001,,,,,0.96880698,7.203e-06,0.06026,0.673,1
drm,2026071101,61250,,0.001,,,,,0.96879513,5.031e-06,0.05316,0.593,1
drm,2026071101,61500,,0.001,,,,,0.96878504,1.545e-05,0.05124,0.572,1
drm,2026071101,61750,,0.001,,,,,0.9687516094656505,4.9948941318603255e-05,0.02680886937517324,0.299,1
drm,2026071101,62000,,0.001,,,,,0.96876134,3.99e-05,0.04507,0.503,1
drm,2026071101,62250,,0.001,,,,,0.96862286,0.0001828,0.06534,0.729,1
drm,2026071101,62500,,0.001,,,,,0.96876761,3.343e-05,0.06553,0.731,1
drm,2026071101,62750,,0.001,,,,,0.968777,2.374e-05,0.0855,0.954,1
drm,2026071101,63000,,0.001,,,,,0.96869396,0.0001095,0.1327,1.481,1
drm,2026071101,63250,,0.001,,,,,0.96878803,1.236e-05,0.09363,1.045,1
drm,2026071101,63500,,0.001,,,,,0.9687739,2.694e-05,0.1118,1.248,1
drm,2026071101,63750,,0.001,,,,,0.96878839,1.198e-05,0.09594,1.071,1
drm,2026071101,64000,,0.001,,,,,0.96881088,1.123e-05,0.0517,0.577,1
drm,2026071101,64250,,0.001,,,,,0.96880111,1.149e-06,0.08073,0.901,1
drm,2026071101,64500,,0.001,,,,,0.96880013,1.311e-07,0.06655,0.743,1
drm,2026071101,64750,,0.001,,,,,0.96868286,0.0001209,0.1382,1.543,1
drm,2026071101,65000,,0.001,,,,,0.96865987,0.0001446,0.04965,0.554,1
drm,2026071101,65250,,0.001,,,,,0.96878656,1.387e-05,0.08099,0.904,1
drm,2026071101,65500,,0.001,,,,,0.96878201,1.857e-05,0.04775,0.533,1
drm,2026071101,65750,,0.001,,,,,0.96879927,7.499e-07,0.05925,0.661,1
drm,2026071101,66000,,0.001,,,,,0.96878872,1.165e-05,0.05299,0.591,1
drm,2026071101,66250,,0.001,,,,,0.96879886,1.174e-06,0.06307,0.704,1
drm,2026071101,66500,,0.001,,,,,0.96879839,1.663e-06,0.04359,0.486,1
drm,2026071101,66750,,0.001,,,,,0.96873205,7.014e-05,0.05123,0.572,1
drm,2026071101,67000,,0.0002,,,,,0.96880437,4.516e-06,0.05754,0.642,1
drm,2026071101,67250,,0.0002,,,,,0.96881552,1.602e-05,0.03792,0.423,1
drm,2026071101,67500,,0.0002,,,,,0.9688163,1.682e-05,0.08042,0.898,1
drm,2026071101,67750,,0.0002,,,,,0.96882061,2.127e-05,0.07149,0.798,1
drm,2026071101,68000,,0.0002,,,,,0.96882434,2.512e-05,0.06032,0.673,1
drm,2026071101,68250,,0.0002,,,,,0.96881667,1.721e-05,0.08093,0.903,1
drm,2026071101,68500,,0.0002,,,,,0.96882505,2.586e-05,0.04947,0.552,1
drm,2026071101,68750,,0.0002,,,,,0.96881945,2.008e-05,0.07251,0.809,1
drm,2026071101,69000,,0.0002,,,,,0.9688263,2.715e-05,0.06894,0.769,1
drm,2026071101,69250,,0.0002,,,,,0.96882694,2.781e-05,0.06855,0.765,1
drm,2026071101,69500,,0.0002,,,,,0.96882236,2.308e-05,0.05273,0.589,1
drm,2026071101,69750,,0.0002,,,,,0.96881271,1.312e-05,0.03253,0.363,1
drm,2026071101,70000,,0.0002,,,,,0.96882054,2.12e-05,0.04211,0.47,1
drm,2026071101,70250,,0.0002,,,,,0.96882689,2.776e-05,0.06627,0.74,1
drm,2026071101,70500,,0.0002,,,,,0.9688166,1.713e-05,0.03702,0.413,1
drm,2026071101,70750,,0.0002,,,,,0.96882019,2.084e-05,0.05249,0.586,1
drm,2026071101,71000,,0.0002,,,,,0.96882464,2.544e-05,0.06402,0.714,1
drm,2026071101,71250,,0.0002,,,,,0.96881582,1.633e-05,0.0578,0.645,1
drm,2026071101,71500,,0.0002,,,,,0.96882565,2.648e-05,0.05646,0.63,1
drm,2026071101,71750,,0.0002,,,,,0.96882532,2.614e-05,0.08052,0.899,1
drm,2026071101,72000,,0.0002,,,,,0.96882218,2.29e-05,0.06772,0.756,1
drm,2026071101,72250,,4e-05,,,,,0.96882595,2.679e-05,0.06994,0.781,1
drm,2026071101,72500,,4e-05,,,,,0.96883002,3.098e-05,0.05408,0.604,1
drm,2026071101,72750,,4e-05,,,,,0.96883032,3.13e-05,0.05698,0.636,1
drm,2026071101,73000,,4e-05,,,,,0.96883108,3.208e-05,0.06796,0.758,1
drm,2026071101,73250,,4e-05,,,,,0.96883173,3.275e-05,0.06311,0.704,1
drm,2026071101,73500,,4e-05,,,,,0.96883032,3.13e-05,0.07,0.781,1
drm,2026071101,73750,,4e-05,,,,,0.96883089,3.189e-05,0.05774,0.644,1
drm,2026071101,74000,,4e-05,,,,,0.96883109,3.209e-05,0.06332,0.707,1
drm,2026071101,74250,,4e-05,,,,,0.96883126,3.226e-05,0.06997,0.781,1
drm,2026071101,74500,,4e-05,,,,,0.96883106,3.207e-05,0.06835,0.763,1
drm,2026071101,74750,,4e-05,,,,,0.96883136,3.237e-05,0.06049,0.675,1
drm,2026071101,75000,,4e-05,,,,,0.96883178,3.28e-05,0.06221,0.694,1
drm,2026071101,75250,,4e-05,,,,,0.96883148,3.249e-05,0.06327,0.706,1
drm,2026071101,75500,,4e-05,,,,,0.96883166,3.268e-05,0.05995,0.669,1
drm,2026071101,75750,,4e-05,,,,,0.96883153,3.254e-05,0.06002,0.67,1
drm,2026071101,76000,,4e-05,,,,,0.96883097,3.197e-05,0.05908,0.659,1
drm,2026071101,76250,,4e-05,,,,,0.96883077,3.176e-05,0.0729,0.814,1
drm,2026071101,76500,,4e-05,,,,,0.96883079,3.178e-05,0.05944,0.663,1
drm,2026071101,76750,,4e-05,,,,,0.96883178,3.28e-05,0.06477,0.723,1
drm,2026071101,77000,,4e-05,,,,,0.9688311,3.211e-05,0.05823,0.65,1
drm,2026071101,77250,,4e-05,,,,,0.96883153,3.254e-05,0.06341,0.708,1
drm,2026071101,77500,,8e-06,,,,,0.96882955,3.05e-05,0.07073,0.789,1
drm,2026071101,77750,,8e-06,,,,,0.96883216,3.319e-05,0.0652,0.728,1
drm,2026071101,78000,,8e-06,,,,,0.96883219,3.323e-05,0.06676,0.745,1
drm,2026071101,78250,,8e-06,,,,,0.968832,3.303e-05,0.06247,0.697,1
drm,2026071101,78500,,8e-06,,,,,0.96883235,3.339e-05,0.06594,0.736,1
drm,2026071101,78750,,8e-06,,,,,0.96883222,3.326e-05,0.06593,0.736,1
drm,2026071101,79000,,8e-06,,,,,0.96883229,3.333e-05,0.06112,0.682,1
drm,2026071101,79250,,8e-06,,,,,0.96883236,3.34e-05,0.06396,0.714,1
drm,2026071101,79500,,8e-06,,,,,0.96883206,3.309e-05,0.06172,0.689,1
drm,2026071101,79750,,8e-06,,,,,0.96883221,3.325e-05,0.06501,0.726,1
drm,2026071101,80000,,8e-06,,,,,0.96883229,3.333e-05,0.06522,0.728,1
drm,2026071101,80250,,8e-06,,,,,0.96883242,3.346e-05,0.06216,0.694,1
drm,2026071101,80500,,8e-06,,,,,0.96883233,3.337e-05,0.06168,0.688,1
drm,2026071101,80750,,8e-06,,,,,0.96883245,3.35e-05,0.06172,0.689,1
drm,2026071101,81000,,8e-06,,,,,0.96883221,3.325e-05,0.06393,0.713,1
drm,2026071101,81250,,8e-06,,,,,0.96883238,3.342e-05,0.06265,0.699,1
drm,2026071101,81500,,8e-06,,,,,0.96883211,3.315e-05,0.06047,0.675,1
drm,2026071101,81750,,8e-06,,,,,0.96883179,3.282e-05,0.05718,0.638,1
drm,2026071101,82000,,8e-06,,,,,0.96883239,3.343e-05,0.06474,0.723,1
drm,2026071101,82250,,8e-06,,,,,0.96883237,3.342e-05,0.06384,0.712,1
drm,2026071101,82500,,8e-06,,,,,0.96883195,3.298e-05,0.0624,0.696,1
drm,2026071101,82750,,1.6e-06,,,,,0.96883233,3.337e-05,0.06316,0.705,1
drm,2026071101,83000,,1.6e-06,,,,,0.96883232,3.336e-05,0.06545,0.73,1
drm,2026071101,83250,,1.6e-06,,,,,0.96883237,3.341e-05,0.06582,0.735,1
drm,2026071101,83500,,1.6e-06,,,,,0.96883247,3.352e-05,0.06408,0.715,1
drm,2026071101,83750,,1.6e-06,,,,,0.96883254,3.358e-05,0.06451,0.72,1
drm,2026071101,84000,,1.6e-06,,,,,0.96883257,3.362e-05,0.06217,0.694,1
drm,2026071101,84250,,1.6e-06,,,,,0.96883251,3.356e-05,0.06353,0.709,1
drm,2026071101,84500,,1.6e-06,,,,,0.96883255,3.36e-05,0.06216,0.694,1
drm,2026071101,84750,,1.6e-06,,,,,0.9688324,3.344e-05,0.06014,0.671,1
drm,2026071101,85000,,1.6e-06,,,,,0.9688326,3.365e-05,0.06216,0.694,1
drm,2026071101,85250,,1.6e-06,,,,,0.96883257,3.362e-05,0.06177,0.689,1
drm,2026071101,85500,,1.6e-06,,,,,0.96883265,3.37e-05,0.06269,0.7,1
drm,2026071101,85750,,1.6e-06,,,,,0.96883246,3.35e-05,0.06084,0.679,1
drm,2026071101,86000,,1.6e-06,,,,,0.96883251,3.356e-05,0.06156,0.687,1
drm,2026071101,86250,,1.6e-06,,,,,0.96883261,3.366e-05,0.0632,0.705,1
drm,2026071101,86500,,1.6e-06,,,,,0.96883252,3.357e-05,0.06278,0.701,1
drm,2026071101,86750,,1.6e-06,,,,,0.96883261,3.366e-05,0.06324,0.706,1
drm,2026071101,87000,,1.6e-06,,,,,0.96883265,3.371e-05,0.06486,0.724,1
drm,2026071101,87250,,1.6e-06,,,,,0.96883265,3.37e-05,0.06304,0.704,1
drm,2026071101,87500,,1.6e-06,,,,,0.96883264,3.369e-05,0.06262,0.699,1
drm,2026071101,87750,,1.6e-06,,,,,0.9688327,3.375e-05,0.0631,0.704,1
drm,2026071101,88000,,1e-06,,,,,0.96883251,3.356e-05,0.06111,0.682,1
