N,sample,seed,order_per_subinterval,rank,h1_gap,eta_f_h1,cluster_relative_error,splitting_relative_error,lower_external_gap_relative,upper_external_gap_relative,maximum_coordinate_frequency,measurement_and_solve_seconds,index_success,lambda_1,lambda_2,lambda_3,lambda_4,lambda_5,lambda_6,lambda_7,lambda_8,lambda_9,lambda_10
128,0,2032097536,512,89,0.0007616232234710375,0.0012910066161585954,4.3996869237950677e-07,1.7106000195867496e-07,0.2139571645322446,0.24574307762131137,88.45261202909182,0.0975644999416545,1,35.91532003762709,67.99131286229715,67.99132599815265,100.06730067486276,117.84176865765204,117.84177302977001,149.91773868677177,149.91776433169355,186.7590009196797,186.759096491612
128,1,2032097537,512,89,0.0006646066246727662,0.001443131403081385,3.3676691419198864e-07,7.052826900172807e-08,0.21395695797823436,0.24574284573384503,110.894858692729,0.07738640008028597,1,35.91533173729754,67.99130016787663,67.99132289756128,100.06729854913183,117.84179546133124,117.84180359558478,149.91773828648473,149.9177488599205,186.7589506838714,186.75901327166184
128,2,2032097538,512,92,0.0006714506702141119,0.001165862473171208,3.431381846338682e-07,3.174487415336651e-08,0.2139571781955921,0.24574254390456632,57.34633338556242,0.0857582000317052,1,35.91531495280128,67.99129659674598,67.99131669341538,100.06727617405514,117.84175866449758,117.84177735058886,149.91774505596823,149.9177498150867,186.75890638948684,186.75896735688698
128,3,2032097539,512,90,0.0006996070998217833,0.0015537950634874158,3.7093032393770296e-07,3.761545679924739e-08,0.2139570611922333,0.24574299356845813,78.4354154779119,0.08845679997466505,1,35.91533586763265,67.99130953406065,67.99134064827577,100.06730364743092,117.84178017329923,117.84179817789243,149.91774834239754,149.91775398162025,186.7589779685961,186.7590807839683
128,4,2032097540,512,94,0.0006448696959733346,0.0015273657059349396,3.1694430247700403e-07,8.591257800057367e-08,0.21395715577109609,0.24574272668452352,51.82697336307349,0.08731059997808188,1,35.915337357885065,67.99130832636118,67.99131824758601,100.0673019256898,117.84176189553615,117.84176866479368,149.91773300834421,149.91774588816017,186.7589298645108,186.75894180537284
128,5,2032097541,512,90,0.0006110600836442292,0.001432823655992433,2.866784921821557e-07,7.34697341599695e-08,0.21395691804254596,0.24574289750047304,43.664452826428466,0.08531420002691448,1,35.915331300522375,67.99130151763693,67.99131160972543,100.06729258154736,117.84177758342501,117.84180163253264,149.9177303363661,149.91774135077955,186.75895093546418,186.75898899684384
128,6,2032097542,512,85,0.0007354651389524304,0.0015183889641512472,4.1111876998923673e-07,7.192211002679206e-08,0.21395699900513448,0.24574280842995103,32.81797279142789,0.08316300006117672,1,35.91533378895011,67.99131635058312,67.99135305063633,100.0673052664796,117.841787022152,117.841808382624,149.9177492241824,149.91776000657958,186.75895623801657,186.75980866589947
128,7,2032097543,512,96,0.0006338371441576379,0.0012861615606283778,3.064451341477305e-07,5.936972262572433e-08,0.21395710817926022,0.24574272079148374,71.79591199881314,0.08635330002289265,1,35.91532312736224,67.9912987005793,67.99131725977101,100.06729336312127,117.84175662692334,117.8417782048848,149.91773541357685,149.91774431414902,186.7589274070287,186.7589543867024
128,8,2032097544,512,94,0.0007255175381339573,0.0014662182546821088,4.0010551060032837e-07,1.0281248522101662e-07,0.2139572172858535,0.24574276417656768,135.8236388728098,0.08770829997956753,1,35.91533127566524,67.99130681911775,67.9913217394632,100.0673007465831,117.84176336482179,117.84176937638455,149.91774294208594,149.91775835549709,186.7589479525687,186.7589820828271
128,9,2032097545,512,90,0.0006787476723790467,0.0010442991560036569,3.50693853020411e-07,1.9138309880641228e-08,0.21395721448870875,0.24574277841672662,73.98177569875774,0.08637850009836257,1,35.91530322235529,67.99128998221171,67.99131672908153,100.06728248396094,117.84175481972684,117.84177493228385,149.91774807864374,149.9177509478151,186.75894267973857,186.75899088046236
128,10,2032097546,512,96,0.0005842915593281924,0.0011691528680417623,2.639430048556861e-07,3.0505045061989284e-08,0.21395697977670808,0.2457428338639082,53.960499895282716,0.08379109995439649,1,35.91531285565537,67.99129351176363,67.9913133902067,100.06729197088589,117.84176157499095,117.84179541020451,149.91773336908147,149.91773794232762,186.75893798676492,186.75896173477452
128,11,2032097547,512,88,0.0006574443134292128,0.0014065033724265552,3.286906403262991e-07,1.2415063581840684e-07,0.2139570087499539,0.24574277233501382,38.93870299341969,0.08060250000562519,1,35.91532756714544,67.9913022754709,67.99133508551114,100.06729542349386,117.84177904144703,117.84178673428724,149.91772903676653,149.9177476491441,186.75893846931118,186.75912213784713
128,12,2032097548,512,88,0.0007728358023716745,0.00134114316201079,4.5429686822477936e-07,1.289185741905548e-07,0.21395706510630744,0.2457427775154828,69.88776874583955,0.077715800027363,1,35.91532074901075,67.99130529547546,67.9913480833275,100.06730371744764,117.84178936626778,117.84179640127067,149.91774715256477,149.9177664797407,186.75895807655175,186.75899501244552
128,13,2032097549,512,91,0.0006694602216787446,0.001170365886906088,3.4157192401325485e-07,1.2386084633487262e-07,0.21395705680576677,0.2457429301471302,34.760700104935026,0.07697829999960959,1,35.915312902761706,67.99129910852571,67.99133038036518,100.06728914787527,117.84175885628768,117.84178150444735,149.9177310113435,149.9177495802765,186.75896405927284,186.75904175708868
128,14,2032097550,512,86,0.0008613469921328895,0.0017096540756643642,5.543531333005532e-07,2.6998700790092875e-07,0.21395697332631033,0.24574284976210617,37.86572500201077,0.08117789996322244,1,35.91534972966645,67.99131372570598,67.99133950754174,100.06729303131424,117.84177727756523,117.84180401226666,149.91774100411484,149.91778147994566,186.7589839078042,186.75917528167844
128,15,2032097551,512,91,0.0006726413475773411,0.0013380695211277576,3.432207345495441e-07,3.7978850578322356e-08,0.21395715202920826,0.24574279274526212,33.091164135978204,0.07408029993530363,1,35.91532574896534,67.99130617969834,67.99131761952246,100.06729665521016,117.84175930433322,117.8417803511852,149.91774413376052,149.9177498274624,186.7589437074869,186.75900007238442
128,16,2032097552,512,97,0.0006738367432926902,0.001348271787358462,3.4563991908135967e-07,1.0133400963569975e-07,0.2139572160349295,0.24574270373797236,120.80923853786435,0.07872499991208315,1,35.91532713294368,67.99130392617217,67.99131045697526,100.06728434839931,117.84174468738964,117.84176162021373,149.91773499837947,149.91775019014096,186.75893072639747,186.75895912495363
128,17,2032097553,512,88,0.0006727959598767801,0.0013775461842710963,3.4372767950216895e-07,7.417239114193863e-08,0.21395708764775068,0.24574275888884073,31.80862556413751,0.0748941000783816,1,35.915320943382625,67.99130459600664,67.99132293131484,100.06728333985396,117.84176254383702,117.84178465305285,149.91773878370824,149.9177499034624,186.75893870781016,186.75906910970767
128,18,2032097554,512,96,0.0006368548722294579,0.0013339432813758547,3.0885249292841667e-07,1.2682290844886296e-07,0.21395714796881402,0.24574275149632802,52.833700210045535,0.07899650000035763,1,35.9153211463477,67.99132266111017,67.99132592528457,100.06729588210048,117.8417493787443,117.8417624882058,149.91772566205617,149.9177446750547,186.75893237113397,186.75894548720836
128,19,2032097555,512,86,0.0006448869920350191,0.0015418936637290092,3.165997952441315e-07,6.801335139539791e-08,0.21395701990987948,0.24574283865219157,29.95065018640425,0.07340440002735704,1,35.915336976284586,67.9913031283883,67.99131223632536,100.06728635097213,117.84176447155315,117.84179166455769,149.91773564010734,149.91774583651244,186.75894659879816,186.7590000993461
160,0,2032101920,512,104,0.0005941501137210061,0.0013057133524548312,2.7089436556751003e-07,4.8286828410914297e-08,0.2139572217915991,0.2457425482746866,47.74674903855139,0.09731300000566989,1,35.91532435940729,67.9912906114965,67.99130418091939,100.06729011214867,117.84174997023997,117.84175750421704,149.91773174540944,149.91773898445962,186.75889621401814,186.75891557380157
160,1,2032101921,512,99,0.0005417271620392247,0.0010776190054747016,2.2696862707183956e-07,4.87053318054917e-08,0.21395714610545827,0.24574275368944218,27.739943896525624,0.09284489997662604,1,35.91531202137693,67.99129019934409,67.9912995614179,100.06728322160978,117.84173369149401,117.8417622029224,149.91772509742276,149.917732399214,186.7589204240799,186.7589355575331
160,2,2032101922,512,100,0.0006202974180689512,0.001432708815782371,2.9454887421901e-07,1.1439761137788563e-07,0.21395711516216037,0.2457426291570709,72.70131700595611,0.09624059998895973,1,35.91533189932963,67.99130036427421,67.99130540499563,100.06728905549814,117.84174927449847,117.84176712491015,149.9177253804625,149.9177425306891,186.75891188594852,186.75894406499677
160,3,2032101923,512,103,0.0005825430261640769,0.0009744390385383762,2.5979418696467504e-07,9.597467962651763e-08,0.21395712616003526,0.24574251800061678,42.08170291047161,0.09349160001147538,1,35.91530474327304,67.99128276094038,67.99131036780324,100.06728519801243,117.84174157791843,117.84176302771486,149.91772293204332,149.9177373203464,186.75889001128604,186.75897532558062
160,4,2032101924,512,97,0.0006130393181337462,0.0012980773926405426,2.8641850102073463e-07,2.1183417303880305e-08,0.21395700453051023,0.24574275640806403,35.93842697693155,0.08947930007707328,1,35.91532164175318,67.99130829865958,67.99131234230667,100.06730044372567,117.84174752118106,117.8417964661231,149.9177381360331,149.91774131180227,186.7589297442377,186.75893913078758
160,5,2032101925,512,105,0.0005653579311822738,0.001139419306534211,2.471051273759135e-07,3.6878763577297525e-08,0.21395724231578492,0.24574264920777752,71.17823987754659,0.09601159999147058,1,35.915315084289006,67.99129266192996,67.99129849092216,100.06727747937094,117.84174049922908,117.84175257112133,149.91772988925243,149.91773541803178,186.75890777924698,186.7589165812934
160,6,2032101926,512,99,0.0006440137575579762,0.0013701321348503132,3.162814795342564e-07,4.8759806510600525e-08,0.21395720109500926,0.2457428567579362,63.57752906194716,0.0952030000044033,1,35.91532451217667,67.99129394796076,67.99131337522718,100.06728978297761,117.84175900217124,117.84176734042603,149.91773847883331,149.91774578879128,186.75894926544856,186.7589685885462
160,7,2032101927,512,98,0.000596212964993758,0.0012705053997645026,2.722950252913279e-07,9.529690093246188e-08,0.21395709288370968,0.24574289884479275,66.1328951262503,0.09190899995155632,1,35.91532281579954,67.99128380610438,67.99130555922453,100.06728532598214,117.84175120136689,117.84176999213294,149.91772490775125,149.9177391944433,186.75894898066525,186.75895537409409
160,8,2032101928,512,98,0.0006566181703649386,0.0012565506271936184,3.2847930616462743e-07,9.457393800324018e-08,0.21395713088541077,0.24574276450048288,75.61426613996704,0.09574879996944219,1,35.915321654517165,67.99128898580231,67.99131492195676,100.06729123432591,117.84175774572965,117.84177282640839,149.91773343915426,149.91774761746137,186.7589372630936,186.75899975471086
160,9,2032101929,512,101,0.0006528460318276637,0.0011017586147242828,3.249284737650549e-07,1.0409450334024161e-07,0.21395713831444724,0.24574276976942813,50.08205807436492,0.10010729997884482,1,35.91531281716479,67.99128777539282,67.99131621057681,100.06729147290699,117.84174153181326,117.84176975303048,149.9177314795204,149.91774708512875,186.75893752066912,186.75895901565
160,10,2032101930,512,99,0.0006602222370247089,0.0012162588901555881,3.326514267268659e-07,3.539442782023483e-08,0.21395728305509337,0.24574264198919424,97.07284813806035,0.09302020003087819,1,35.915318145572265,67.99130552343719,67.9913099420226,100.06728329683644,117.84175590031172,117.84175951101048,149.91774293668493,149.91774824293609,186.7589195219579,186.75894657122228
160,11,2032101931,512,99,0.0005785199764929117,0.001175102304838775,2.569587141153316e-07,8.498327753504126e-08,0.21395716047870242,0.24574262370384714,43.05259736417839,0.09608519996982068,1,35.91531709634014,67.99128983920707,67.99129926530635,100.06729001710796,117.841755140369,117.84175910545741,149.91772415476146,149.91773689525883,186.75890543298348,186.75895176365844
160,12,2032101932,512,95,0.0006499671031629783,0.001183726721914782,3.2175704174934755e-07,9.764699246396697e-08,0.21395716890369773,0.2457427335171738,38.85927983483217,0.09916029998566955,1,35.91531597040499,67.9912836966585,67.99131677908059,100.06728919406743,117.8417447302057,117.84176565830265,149.9177319706626,149.91774660967496,186.7589316103608,186.75925870317857
160,13,2032101933,512,103,0.0006137256672259513,0.0009750980194425307,2.881773523912893e-07,6.621458522365467e-08,0.21395730808016664,0.24574268449728912,90.02402820308437,0.1033643000992015,1,35.915303160587456,67.99129704482625,67.99130671560437,100.06728302644201,117.84173937224634,117.84174447137117,149.917731648747,149.91774157548522,186.75891922722278,186.75893829914324
160,14,2032101934,512,102,0.0005156440835009618,0.0010839349652177314,2.0530500119723636e-07,6.3531331998992e-08,0.21395716578455606,0.24574277974888467,32.6045404809908,0.09902600001078099,1,35.91531223904341,67.99129297470117,67.99129934366947,100.06728267121349,117.84173841286534,117.8417537822366,149.917719626982,149.91772915145307,186.7589210830906,186.75893178770792
160,15,2032101935,512,96,0.0006256372027303873,0.0013985042213396444,2.990530462817321e-07,3.815279593046998e-08,0.2139571124200986,0.24574269058804954,41.09755302413212,0.0938044999493286,1,35.915327863690344,67.99129366990108,67.99130452601871,100.06728790611332,117.84175010380716,117.84177964169609,149.91773748616487,149.91774320594422,186.75892177079456,186.7589397646039
160,16,2032101936,512,99,0.0006502839465125324,0.00118674669392628,3.2297117147281294e-07,4.619002157466911e-08,0.2139572184581508,0.2457427136146849,303.8367466187482,0.09863749996293336,1,35.91531539290145,67.99130381141138,67.99130876714104,100.06728197206877,117.84175124757007,117.84176612554327,149.91773986699278,149.9177467916945,186.758928808645,186.75893397017524
160,17,2032101937,512,101,0.0005169003861541189,0.0012081125129684337,2.066945309361669e-07,6.301761650146215e-08,0.2139571011915154,0.24574266421630736,66.59298415556773,0.09541700000409037,1,35.9153200652619,67.99128885323643,67.99130179209293,100.0672748773637,117.84173805151075,117.84176375120673,149.91771991231215,149.91772935976817,186.75890397102762,186.75895468038962
160,18,2032101938,512,94,0.0006455117131961655,0.0015203546300370599,3.187290172039717e-07,5.434182759609423e-08,0.21395719542349698,0.2457427499706535,37.2665886861475,0.09465300000738353,1,35.91533668661576,67.99131045411586,67.99131661902106,100.0672991492833,117.84175618099829,117.84176772077156,149.91773800891877,149.9177461557205,186.75893362307414,186.75897823366714
160,19,2032101939,512,96,0.0006591418230128784,0.0013586208636539548,3.319844650176797e-07,2.3937081882653714e-08,0.21395726324378025,0.24574293665876284,47.7771655963235,0.09501689998432994,1,35.915323166414915,67.9912999216438,67.99130865516433,100.0672833632946,117.84175692978684,117.84176409874651,149.9177445543545,149.91774814294672,186.75896359815204,186.75897217512133
216,0,2032109592,512,112,0.0005051790392183828,0.0007701040057338268,1.98958822891859e-07,1.2487538006087378e-08,0.21395728459906482,0.2457426137366175,98.6516266039725,0.1484480999642983,1,35.915301738724345,67.99128862879228,67.99129359755702,100.06728102009947,117.84174088140917,117.84174267080257,149.91772632794567,149.91772820004863,186.75889524350916,186.75891298190285
216,1,2032109593,512,114,0.0005297283134996445,0.0007603160823764606,2.169255213809595e-07,3.380816136080522e-08,0.2139572911462935,0.2457426016314806,71.15712432781824,0.142666699946858,1,35.91529652476834,67.99128260684779,67.99129345836711,100.06726269794682,117.8417357393506,117.84174118644442,149.91772582513298,149.9177308935747,186.75889612226098,186.75890080898475
216,2,2032109594,512,121,0.00047186900293489346,0.0010203251334572074,1.7404949129167511e-07,5.8745019521010056e-08,0.21395720656555947,0.24574266704227438,64.74266970833048,0.14938079996500164,1,35.91531100395724,67.99128784565212,67.99129804993348,100.06727759619083,117.84173246243766,117.84174370024127,149.91771565878085,149.91772446569897,186.75889950062088,186.75890397509727
216,3,2032109595,512,111,0.00044986697894115827,0.0008411007528985794,1.579087065597563e-07,6.500485664822972e-08,0.21395722985754756,0.24574265483645724,34.81330261929916,0.14719049993436784,1,35.9153027793027,67.99128734855309,67.99129226999284,100.06726819025987,117.84172745909608,117.84173685011035,149.91771230053118,149.91772204590967,186.75889525096358,186.7589070562573
216,4,2032109596,512,114,0.0005794306120290476,0.0009307505802061361,2.585377538953662e-07,1.2165843204135648e-07,0.21395724720769888,0.24574256392117833,46.73022479248625,0.1484143000561744,1,35.91530288516741,67.99128916931647,67.99129446037867,100.0672727957758,117.84172996895475,117.84174084171714,149.91771889323272,149.91773713198484,186.75889670722938,186.75891117290877
216,5,2032109597,512,117,0.0005206919625941531,0.0007928630691384593,2.1039181966511843e-07,9.443643336062303e-08,0.21395723066655364,0.24574250074716192,99.40350220637059,0.1473160000750795,1,35.91530116515689,67.99127767985189,67.99128712727375,100.06727634835568,117.84173472118381,117.8417401846593,149.91771575636446,149.9177299140572,186.7588800183986,186.7588820152682
216,6,2032109598,512,112,0.0005429462961774778,0.0010822851603338377,2.2677640904027196e-07,1.0280270809386849e-07,0.2139571988118821,0.2457424991092294,77.94179880729018,0.15251769998576492,1,35.915312078312176,67.99127949216282,67.99129138873877,100.06728019490748,117.84173096787045,117.84174616232562,149.91771695845173,149.91773237039712,186.75888222918346,186.7588954649763
216,7,2032109599,512,112,0.0005150904265885192,0.0011371188349996954,2.0531885301207928e-07,4.9120067635347645e-08,0.21395714894858056,0.2457426569295824,74.09235214870586,0.14193070004694164,1,35.915312552981135,67.99129409820507,67.99130539792607,100.06727841458617,117.84174138064496,117.8417584688275,149.91772178956222,149.9177291535297,186.75890267238012,186.75891346550796
216,8,2032109600,512,116,0.0005206780832344325,0.000829639700072895,2.0947651452806522e-07,8.444455009423001e-08,0.21395724837490201,0.24574266401451506,75.6378935708516,0.14715129998512566,1,35.9153011838375,67.99129132685964,67.99130066503606,100.06727917418561,117.84173677181174,117.84173889060418,149.91771711710416,149.91772977683675,186.75890435784396,186.758924977175
216,9,2032109601,512,111,0.0005306243696335383,0.0008832472139107496,2.17644076905932e-07,7.141043443246771e-08,0.21395722750494503,0.24574267761842572,61.505829672283795,0.14437110000289977,1,35.91530518757998,67.99129205285931,67.9913025502885,100.06727749970874,117.84174061949284,117.84174519788687,149.91772029561093,149.9177310012989,186.7589076217731,186.75891178690742
216,10,2032109602,512,105,0.0006378006902348415,0.0012394744025739405,3.111744495309987e-07,4.774118236159176e-08,0.21395722756977906,0.2457427251511241,78.3879768547183,0.15512640005908906,1,35.91531998422687,67.99129878254519,67.99131488580257,100.06728552119303,117.84175030742743,117.84176275846508,149.91773786590892,149.9177450231571,186.75892876962402,186.75894606585604
216,11,2032109603,512,110,0.00047495371770681923,0.0010329058520237952,1.7514315032261763e-07,1.8723584477799807e-08,0.21395722839188727,0.24574259307709226,38.32899480921516,0.14167869999073446,1,35.91531131137991,67.99128958904777,67.99129659040885,100.0672793508231,117.84174272344148,117.84174659196871,149.91772182266112,149.9177246296578,186.75888857588987,186.75890332228556
216,12,2032109604,512,111,0.0005299502883065583,0.0009501605339885279,2.1667304563244475e-07,4.033628822593431e-08,0.21395719071446745,0.2457426713284204,38.63678054851705,0.15172520000487566,1,35.915305923078876,67.99129034604971,67.99129450912557,100.06728195151197,117.84174798000697,117.84175522642029,149.91772480860064,149.91773085572413,186.7589065332152,186.75890859688778
216,13,2032109605,512,116,0.000480511359060692,0.000888674518959466,1.7999973689728275e-07,2.909050641309069e-08,0.21395724595938304,0.24574263389873868,70.7044919067651,0.14807450002990663,1,35.915304090675356,67.99128408290726,67.99129563681359,100.06727794045764,117.84173825745899,117.84174313219339,149.91772099656433,149.9177253577461,186.75889542386543,186.75890760808724
216,14,2032109606,512,104,0.0006368248984338599,0.0010274255923876134,3.108825632696343e-07,7.517539505444083e-08,0.21395730132927293,0.24574267641695893,57.35724228424552,0.14831670001149178,1,35.915307153475815,67.99130211271824,67.99130746147642,100.0672812845524,117.84174613090173,117.84174754397858,149.91773370927598,149.91774497939818,186.75892141975123,186.75892969690432
216,15,2032109607,512,112,0.0005437803237704583,0.000994864353311683,2.2779735367396802e-07,6.746580421695413e-08,0.21395722815426793,0.24574250194793218,58.48186473467817,0.14799930003937334,1,35.91530729348504,67.99128050251404,67.99129047212949,100.0672706831188,117.84173779882009,117.84174721406764,149.9177224091367,149.9177325234548,186.7588828078129,186.7588993466565
216,16,2032109608,512,115,0.0005085631383502825,0.0009310274770213332,2.0096884265288893e-07,4.796002586954316e-08,0.21395724807801306,0.24574255104254747,134.63837102050937,0.15115849999710917,1,35.91530452166549,67.99128221673357,67.9912953126141,100.06727776928265,117.84173401905008,117.8417431293384,149.91772131132947,149.91772850138616,186.758886145896,186.75890441940385
216,17,2032109609,512,116,0.00047858298973965066,0.0007417323528733518,1.7846521933178273e-07,4.290393259057453e-08,0.21395725960575623,0.2457425751136781,66.8407226014242,0.15320760000031441,1,35.915300110180524,67.99128526514338,67.9912928570017,100.06727059507796,117.84173219820114,117.84173878543213,149.91771869563593,149.91772512769475,186.7588863808931,186.75889971903857
216,18,2032109610,512,112,0.0005143507897957442,0.001050150975789659,2.0454897155080278e-07,1.0167775474860147e-07,0.213957173299366,0.24574260990756316,46.45817845148475,0.13878299994394183,1,35.91531065430826,67.99128157610062,67.99129673101007,100.06727748994362,117.84173983875482,117.84174682346746,149.91771379481588,149.91772903811085,186.75889550752836,186.7589049339322
216,19,2032109611,512,113,0.0005579849550064763,0.0008217430912807145,2.404388668348182e-07,1.0868029067897396e-07,0.21395723753164134,0.24574261364293495,98.0051020831525,0.14585840003564954,1,35.91530100821513,67.99128836929384,67.99130036580301,100.0672765022399,117.8417376439175,117.841741524639,149.9177181255423,149.91773441864134,186.7589014480572,186.7589302761407
288,0,2032119456,512,131,0.00043398295789213347,0.0008411358758678454,1.4756686367980394e-07,3.446674941899855e-08,0.21395725556558184,0.24574262318947152,56.447507657465685,0.20568919996730983,1,35.915302953495704,67.99128402639539,67.99129057392007,100.06726299367487,117.84173165886489,117.84173602379849,149.91771532830865,149.9177204954844,186.75888895609503,186.75889835267688
288,1,2032119457,512,119,0.0004995494212770542,0.0008173731369950124,1.9380909691826552e-07,2.0321498670783566e-08,0.2139572943542758,0.2457425693149478,57.414775978645054,0.20029309997335076,1,35.91530056360755,67.99128159436268,67.99129585842927,100.06727217003903,117.84173019674823,117.84173926183938,149.91772438146126,149.91772742801356,186.75888781187962,186.75891721798084
288,2,2032119458,512,124,0.0004197468631099537,0.0007427330424993399,1.378934731929509e-07,1.9675054672035828e-08,0.21395725674297209,0.24574263012173184,167.54692739525657,0.21208920003846288,1,35.915301456190406,67.99128772288377,67.99129108998572,100.06727313299548,117.84173107749442,117.84173661461125,149.91771609563304,149.91771904527195,186.7588885451511,186.7588954949279
288,3,2032119459,512,127,0.0004192102030631717,0.0008350273868496176,1.3740961933794963e-07,2.6915817930363998e-08,0.21395723178202666,0.2457425862585522,62.743482573781186,0.21884300000965595,1,35.91530326776115,67.99128483752006,67.99128793854365,100.06727156673526,117.84172835211942,117.84173919864192,149.91771493757622,149.9177189727337,186.75888189674592,186.7588933831133
288,4,2032119460,512,121,0.00046563758980534223,0.0007483532848511934,1.695325755213811e-07,2.4941085461475857e-08,0.21395725154139864,0.2457424997798112,78.39328586658839,0.20497129997238517,1,35.915301551757246,67.99128174464845,67.99129109342135,100.06727291485835,117.84172957770173,117.84174134820935,149.91772004942322,149.91772378853335,186.75887374785177,186.75888658247518
288,5,2032119461,512,124,0.00047901230347643556,0.0007422149127427142,1.7845811948280076e-07,6.7036623938666e-08,0.21395719459326956,0.24574255664645106,87.87631394101504,0.204628000035882,1,35.91529951610188,67.99128103343651,67.9912824936247,100.06727916043903,117.84173594601033,117.84174491297256,149.917715076654,149.91772512663036,186.75888361126454,186.75890245788736
288,6,2032119462,512,124,0.0003943820603885275,0.0008466125122458932,1.2241810545541178e-07,2.2501191930900772e-08,0.21395724012096679,0.24574263009258812,64.56458565371831,0.2139398999279365,1,35.91530260525086,67.99128308922839,67.99129138047881,100.06727417185576,117.84172974975263,117.84173636282452,149.91771335191353,149.91771672524044,186.75888622075044,186.75890526303965
288,7,2032119463,512,121,0.0003562212852551231,0.0008827563653477138,1.0002348367959586e-07,1.648837096738991e-08,0.21395718658875298,0.24574260062418796,99.6785426313602,0.22437700000591576,1,35.915305383046785,67.9912804938604,67.99129038256767,100.06726919963616,117.8417322261254,117.84174193232893,149.91771089599166,149.9177133678903,186.75887844556556,186.7589109459052
288,8,2032119464,512,119,0.0004932904405953406,0.0008782494903613296,1.8923404580243565e-07,4.615095970326881e-09,0.21395730990820475,0.24574263689932066,66.28740996023407,0.21477259998209774,1,35.915304794114654,67.99129269467723,67.99129945252399,100.06727778711502,117.84173142408699,117.84173859881676,149.91772605024786,149.91772674213243,186.7588972580921,186.75891584575498
288,9,2032119465,512,119,0.000492641129225251,0.0008104954548051224,1.8938943580827861e-07,3.178906801173454e-08,0.2139572749110787,0.24574260816039573,115.40027867402729,0.2080877999542281,1,35.915299947817466,67.99128383933059,67.99129513546808,100.06727348455044,117.84173324884352,117.84173979494172,149.91772199968423,149.91772676542814,186.75889297291434,186.75889803392582
288,10,2032119466,512,126,0.0005108448842104006,0.0008038630233523658,2.0264312524817332e-07,2.2868578687793042e-08,0.2139573240892737,0.24574258019619136,44.245838402136535,0.21201559994369745,1,35.91530073717604,67.99128999827497,67.99129659962372,100.06727695603925,117.8417313301136,117.84173574656175,149.91772532398608,149.91772875239076,186.7588907675478,186.7589048707472
288,11,2032119467,512,127,0.00038249458933496303,0.0007009620748842656,1.1572945128917367e-07,2.34668373670121e-08,0.2139572115366382,0.24574261715794884,82.72929672775115,0.20972970000002533,1,35.915299542747725,67.9912825461702,67.99128735277618,100.0672690507932,117.84172943712159,117.8417395006063,149.91771220439855,149.9177157224928,186.75888327887145,186.75889048897162
288,12,2032119468,512,128,0.00046125567285034433,0.0007274275714177692,1.668803248442183e-07,5.4934579105404684e-08,0.21395723048854254,0.24574259947896127,69.92667107598317,0.21500550000928342,1,35.91530095582998,67.99128095865214,67.99128932478312,100.06727551825554,117.84173467682216,117.84173961023023,149.91771515524837,149.91772339091403,186.75888829689956,186.75889611249428
288,13,2032119469,512,131,0.000480874140241224,0.0007479802223159564,1.7878472125674674e-07,6.445120151425854e-08,0.21395723055849605,0.245742556012015,57.78046795243143,0.20512369996868074,1,35.915300664166395,67.99128144441369,67.9912943642703,100.06726701114839,117.84172824100348,117.84173995771255,149.91771551321796,149.91772517559374,186.75888356511473,186.75890573057873
288,14,2032119470,512,126,0.0003898266384824918,0.0006571275366666515,1.1964560343219525e-07,2.428882603235371e-08,0.2139572583698696,0.24574258664959822,41.504666599899885,0.2080723000690341,1,35.915299282759435,67.99127994848854,67.99128474610688,100.06726601649822,117.84172807105628,117.8417329433459,149.91771266826842,149.91771630959332,186.75887929223026,186.75889237319146
288,15,2032119471,512,124,0.0005158101952968111,0.0007930343582690041,2.0531422910509208e-07,6.026272039748215e-08,0.21395729629324267,0.24574258298952978,287.2957801481274,0.20570789999328554,1,35.9152995605278,67.99129086736426,67.99129423494914,100.06726668145338,117.84172743206165,117.84173470808084,149.91772011838816,149.9177291528365,186.7588915867644,186.75889935117158
288,16,2032119472,512,128,0.00044514365309259867,0.0007156213409261764,1.5425029959922686e-07,7.626457103788332e-08,0.21395723595519808,0.24574258976878674,72.06449466661967,0.21441419993061572,1,35.915299747148296,67.9912806667275,67.99128958132125,100.06727060987166,117.84173188245252,117.8417336994742,149.91771006404076,149.91772149744972,186.75888494770822,186.75888830723952
288,17,2032119473,512,126,0.0004578455863716748,0.000694621833872133,1.6411448966450776e-07,4.159129070885013e-08,0.213957284030775,0.2457425947507153,61.78061192932402,0.21774120000191033,1,35.91529925467047,67.99128107514288,67.99128684071191,100.06726787693728,117.84172755084715,117.84173316904942,149.91771674099581,149.9177229762664,186.75888717340416,186.7588924600439
288,18,2032119474,512,128,0.00036241320323472274,0.000652243802061156,1.0415154650340138e-07,3.219004321572916e-08,0.2139572162903563,0.24574256552143367,42.12309030065134,0.22227979998569936,1,35.91529939990972,67.99127770218716,67.99128025251045,100.06727071619396,117.84172949220103,117.84173574444404,149.91770916090277,149.91771398675996,186.7588738019111,186.7588757139814
288,19,2032119475,512,122,0.0003768579960687948,0.000921895826538032,1.1218566508685376e-07,1.538939226321818e-08,0.21395717758861474,0.24574259569327686,45.27942716715744,0.22403300006408244,1,35.91530677970953,67.99128050208465,67.99128422486558,100.0672678657464,117.84172835240733,117.84174526969154,149.91771288407426,149.91771519121653,186.75887952966096,186.75889082468674
384,0,2032132608,512,139,0.00037063179321957787,0.0006314103046638908,1.0827419656917528e-07,1.9772071596411733e-08,0.2139572926342805,0.24574259496713444,57.65478828419312,0.3660355000756681,1,35.915298480414165,67.99127922619941,67.99128085598728,100.06725544219574,117.84172425552474,117.84172677887057,149.9177116406347,149.91771460481817,186.758878834401,186.7588825022666
384,1,2032132609,512,130,0.00045189555051180607,0.0007186602817628108,1.604830905674221e-07,7.86627845685016e-08,0.21395717633654593,0.24574252602586938,110.32173925252718,0.3638474000617862,1,35.91530093688318,67.99127886774042,67.99128142191903,100.06727854353198,117.84173150774235,117.84174321223634,149.91771063891179,149.9177224318554,186.75887632592244,186.75888379505292
384,2,2032132610,512,142,0.0004450357930963745,0.0007749757065109007,1.5548213363502954e-07,6.087117916147495e-08,0.21395724148547957,0.2457425802823892,64.25900277914388,0.35747729998547584,1,35.91530161052734,67.99128391999504,67.99128968794868,100.06727510969988,117.84173207245611,117.84173536280274,149.91771255645637,149.91772168212344,186.75888371020307,186.7588916479903
384,3,2032132611,512,128,0.000378633056211642,0.000636907383168454,1.1296698991219967e-07,3.3098387088302553e-08,0.21395726613348326,0.24574259159760128,89.17931490628867,0.37543450004886836,1,35.915299156013695,67.99127898133219,67.99128292104707,100.06726636174646,117.84172737835927,117.84172945749133,149.91771034631694,149.91771530835095,186.75887903278112,186.7588845803992
384,4,2032132612,512,143,0.0003506683770247573,0.0006491908251537055,9.735448456295473e-08,6.2159922894651444e-09,0.21395727189236055,0.2457425406667275,59.28495110544495,0.3647357999579981,1,35.915299094997124,67.9912788797578,67.99128197109535,100.06726777511,117.84172511787607,117.84173028368959,149.91771203587282,149.91771296776008,186.75886905675088,186.75887941366912
384,5,2032132613,512,144,0.0003884681367619283,0.0006530536233112084,1.1918401656150583e-07,2.6451132340539447e-08,0.21395728317209736,0.24574255270355685,58.41768849260854,0.3689734000945464,1,35.91529937669467,67.99128088196466,67.99128458544915,100.06726506497446,117.84172658766825,117.84172883168497,149.9177122749004,149.91771624039328,186.75887413391783,186.75888115285625
384,6,2032132614,512,139,0.00029475360934144625,0.0006380064208793554,6.915947992176483e-08,3.9975855908566883e-08,0.21395720919862113,0.24574253370655919,160.62125390740462,0.41283050004858524,1,35.915299236230325,67.99127564385206,67.99127843827821,100.06726498556537,117.8417281871649,117.84173039445945,149.91770274774157,149.91770874082988,186.75886378636827,186.75887100891904
384,7,2032132615,512,134,0.0002936119037110128,0.0007348999594563107,6.825850529431234e-08,2.5311904033221838e-08,0.2139571787431682,0.24574261232167297,68.97545633775576,0.3362444000085816,1,35.91529982182789,67.9912804796988,67.99128653727969,100.06726785306604,117.84172943147823,117.84173702358473,149.91770481105544,149.91770860575784,186.75887543709314,186.7588904743271
384,8,2032132616,512,142,0.0003411782728737691,0.000678857417080995,9.226944342709418e-08,4.495706312753635e-08,0.21395719947345312,0.24574255405588036,59.28353693293089,0.34130309999454767,1,35.91529944982427,67.99127824034254,67.99128225229173,100.0672592963628,117.84172703278894,117.84173457025567,149.917705465563,149.91771220542242,186.7588703016842,186.75888302930645
384,9,2032132617,512,142,0.0003512881219938897,0.0005675633178264749,9.746825371845058e-08,1.844992387949896e-08,0.2139572755674782,0.2457425006420383,77.6700464973658,0.3398326999740675,1,35.91529689949544,67.99127608847057,67.99128093768589,100.06726181160792,117.84172561431009,117.84172791569755,149.91771021884597,149.9177129848161,186.7588630733976,186.75887495904922
384,10,2032132618,512,145,0.0003155788477200143,0.0006572422963522987,7.936367635170248e-08,3.3451234795303594e-08,0.2139572277384477,0.24574257265969823,234.05384238695217,0.3617284999927506,1,35.915299461806484,67.99127847323317,67.9912801606392,100.06726430078221,117.84172734033167,117.84173012295714,149.9177052556874,149.91771027061952,186.75887115592286,186.75887469117737
384,11,2032132619,512,135,0.0003222573831037799,0.0005800444602588741,8.240679144124695e-08,3.0162515359817165e-08,0.21395726339630938,0.2457425390387073,46.91439248010016,0.3769697999814525,1,35.91529791836495,67.99127667603858,67.99127827538868,100.06725846944542,117.841723412106,117.84172572646665,149.91770620494145,149.91771072683633,186.7588665717581,186.75887385309653
384,12,2032132620,512,133,0.0004176962245521663,0.0007021324116226708,1.3695226261226246e-07,2.297428719231386e-08,0.2139572960035219,0.2457425398612755,46.09545126436258,0.3714367999928072,1,35.91529791343464,67.99128102335509,67.9912895094606,100.06726755282726,117.84172837251472,117.84173009304251,149.91771545991557,149.91771890416783,186.75887487240712,186.75889815818132
384,13,2032132621,512,133,0.00036997723823145573,0.0006427388335092348,1.0779996684858174e-07,1.2884549238323286e-08,0.21395727029562914,0.24574259443252036,235.48715243837808,0.38927350006997585,1,35.91529914007956,67.99127984502945,67.99128069514113,100.06726795068774,117.84172922646344,117.84173108929583,149.91771260210078,149.91771453372274,186.75887868315746,186.75887958600126
384,14,2032132622,512,135,0.0004132197297281057,0.0006436475783708549,1.3456227296279206e-07,5.6840828649123194e-08,0.2139572554851621,0.24574252512454098,120.06877469104506,0.35988979996182024,1,35.91529926517872,67.99127886103807,67.99128049734844,100.06726465842029,117.84172518949421,117.84173073196607,149.91771002441988,149.91771854586608,186.75887230480805,186.75887613845165
384,15,2032132623,512,139,0.00033109975334139145,0.0006276051636973921,8.70751377955952e-08,5.684201088298839e-08,0.21395720479468103,0.24574257300296865,58.48142437511522,0.3646974000148475,1,35.91529844556098,67.991278323815,67.991281341512,100.06726719875653,117.84172652874318,117.84173121202707,149.91770290508063,149.91771142670407,186.75887236346972,186.7588793917879
384,16,2032132624,512,145,0.00029943280062383137,0.0005367920748894379,7.131447594485726e-08,2.6318479482572403e-08,0.21395724883447267,0.24574251278077255,81.83985213679213,0.3502521999180317,1,35.915296938140635,67.99127496348414,67.99127550419514,100.06726010603961,117.84172597587154,117.8417268228983,149.91770511829606,149.91770906390192,186.75886097229454,186.7588690782623
384,17,2032132625,512,124,0.00046126256656719235,0.0007439987096953046,1.6683232891718982e-07,2.4045383301314085e-08,0.2139573085757754,0.24574263731214854,102.12658893977746,0.3681798999896273,1,35.91529907368692,67.99128925543341,67.99129178821137,100.06727868648856,117.84173109145796,117.84173252721371,149.91771977889007,149.9177233837186,186.75889396156848,186.75889891821194
384,18,2032132626,512,134,0.0004145775662942336,0.0006530415753089775,1.3541424934274699e-07,1.0496396070484082e-08,0.21395728264986622,0.24574246800944374,49.81599183393048,0.38173849997110665,1,35.915299495054924,67.99127620387948,67.99128195517216,100.06727185490318,117.84172924524154,117.84173373507315,149.91771709999688,149.91771867359242,186.75886386997047,186.7588819239622
384,19,2032132627,512,136,0.00040165801059803893,0.0005836258599670101,1.272331307085036e-07,1.153101070980613e-08,0.2139573252952697,0.24574248604874838,293.9271448050808,0.36622850003186613,1,35.91529706824478,67.99127677948162,67.99128319079493,100.06726321815727,117.84172542224712,117.84172596017089,149.91771571839536,149.91771744709794,186.75886534788702,186.75888808731227
512,0,2032150144,512,157,0.00026458921778310597,0.0005266356273146974,5.590839552926294e-08,1.7939487393664484e-08,0.21395726166653317,0.24574251261057903,45.40250423877737,0.6015557999489829,1,35.91529683328157,67.99127497843092,67.9912770438775,100.06725485341988,117.84172310624551,117.84172384566041,149.91770406481115,149.9177067542578,186.7588586371354,186.75886832346933
512,1,2032150145,512,154,0.0002840832939778735,0.0005914753924019954,6.411373934114618e-08,2.8762761648770543e-08,0.21395724627026885,0.24574256475640457,104.20210609534762,0.5993040000321344,1,35.915297918480576,67.9912767126181,67.99127770476436,100.06725851989886,117.84172393708614,117.84172576135882,149.91770367233704,149.91770798438407,186.7588676848438,186.75887181661585
512,2,2032150146,512,156,0.0002890645883711423,0.0005527086848504918,6.638804903731327e-08,2.789141225499002e-08,0.21395725775854824,0.24574254241638205,108.31532295676166,0.6250330000184476,1,35.91529711603335,67.99127636527527,67.99127971578909,100.0672561112253,117.84172347969151,117.84172451065238,149.917704143927,149.91770832534334,186.75886467663832,186.7588737658283
512,3,2032150147,512,157,0.0003579961113630973,0.0005719347693814516,1.0177606651859945e-07,7.291407874544801e-08,0.21395723900851563,0.245742504339964,103.53778472535379,0.6266134000616148,1,35.91529758206008,67.99127619520812,67.99127873238798,100.06726173422874,117.84172474825291,117.84172587720971,149.9177026995226,149.91771363063347,186.7588642735995,186.7588673677059
512,4,2032150148,512,153,0.0002169135903801785,0.0005743057983947798,3.781967101623638e-08,1.1194666312650983e-08,0.21395723885312704,0.24574254783406752,78.55175233038,0.5810869999695569,1,35.9152977763693,67.99127582070795,67.99127819968754,100.06725787209005,117.84172342220216,117.84172556514186,149.91770236415925,149.91770404243786,186.75886120593978,186.7588678940406
512,5,2032150149,512,151,0.00027993651271385135,0.000548278726360604,6.257914044493285e-08,1.6797167571330885e-08,0.2139572491443084,0.24574252257820337,43.03641330785316,0.5901203999528661,1,35.91529743085927,67.99127490857269,67.99127702359017,100.0672573756286,117.84172373901907,117.84172689428021,149.91770523612783,149.91770775432053,186.75886113152143,186.75886311639897
512,6,2032150150,512,155,0.00024157618589099497,0.0005461757844123004,4.6982361877324714e-08,8.296184341600049e-09,0.2139572637358874,0.245742526457001,58.23938459352397,0.5925290000159293,1,35.915297222076255,67.99127546577847,67.99127718459644,100.06725603801883,117.84172347687641,117.84172364295897,149.91770417234252,149.9177054160874,186.7588593747887,186.75886753206092
512,7,2032150151,512,151,0.00028168642514348667,0.0005658784158106454,6.354805787820252e-08,1.631004551081293e-08,0.21395725850524408,0.24574259371488488,69.66364366867924,0.58571120002307,1,35.91529749811183,67.99127778757811,67.99127881621443,100.06725742977758,117.8417243514548,117.84172570919637,149.91770545441392,149.9177078995784,186.75887194142686,186.75887265624308
512,8,2032150152,512,152,0.0003042493361346551,0.0005323033150139496,7.360539416892591e-08,2.642583981577626e-08,0.21395727054568384,0.24574253724315567,60.60218293800688,0.6151239000027999,1,35.915296729436434,67.99127651917269,67.99127808600419,100.06725727243744,117.84172305877554,117.84172389535746,149.91770544565003,149.9177094073511,186.7588649830879,186.7588713500912
512,9,2032150153,512,142,0.0002953496297051771,0.0005987680327138842,6.965192089718366e-08,1.1261344605979245e-08,0.21395726303692014,0.24574254190253517,42.512166248685695,0.6033690999029204,1,35.915297806614355,67.9912773349995,67.99128065597756,100.06725910271867,117.84172527318121,117.84172670178464,149.91770712638063,149.9177088146555,186.75886508891574,186.7588783212371
512,10,2032150154,512,152,0.00028302015647711,0.0005830958071694061,6.395086747842542e-08,2.046968247209641e-08,0.21395725055145684,0.24574250591834915,62.73712460059152,0.6268199000041932,1,35.9152979050422,67.99127478582609,67.99127778247873,100.06725983889244,117.84172438401794,117.84172633839493,149.917704891199,149.9177079599667,186.7588588395606,186.7588692412721
512,11,2032150155,512,150,0.00034466672202745983,0.0005782076652601213,9.428666086146054e-08,5.392286787744474e-08,0.213957248606291,0.24574251201936068,61.91653983983754,0.6107435999438167,1,35.9152974281499,67.99127711433151,67.99127886283394,100.0672610747637,117.84172502264454,117.84172616265748,149.91770442384677,149.917712507839,186.75886430208251,186.7588721032269
512,12,2032150156,512,151,0.0002664627392540641,0.0005761502692906124,5.6923169076598206e-08,8.98347474788873e-09,0.21395726208185226,0.24574255354054506,70.33781728985663,0.6157142999581993,1,35.915297658490765,67.99127645231607,67.991277693621,100.06725946833949,117.84172378689765,117.84172527819405,149.91770555960846,149.91770690639032,186.75886492539422,186.75886785229167
512,13,2032150157,512,154,0.00028592134439317155,0.0006090513364955883,6.513004300546765e-08,2.1671332196666422e-08,0.2139572292638783,0.2457425077408235,94.94393987861716,0.6043559999670833,1,35.915298174958956,67.9912745734243,67.9912815565284,100.06725975958297,117.84172396507383,117.84172952641043,149.91770488782973,149.91770813674597,186.75885928956103,186.7588777211345
512,14,2032150158,512,143,0.00037379341965264676,0.0006703664503285065,1.0999633745489639e-07,2.6014751355601595e-08,0.21395724728250512,0.24574255012959467,61.80255087524135,0.5979918000521138,1,35.91529842089751,67.99128057523666,67.99128723775966,100.0672698121428,117.84172638140005,117.84173290019557,149.91771096292592,149.91771486299757,186.75887237063964,186.7588903610502
512,15,2032150159,512,155,0.00025381702088867364,0.0005617082183150945,5.172328499232768e-08,1.5119086509445632e-08,0.21395726018159067,0.2457425755216212,50.27667628549223,0.5841570999473333,1,35.915297377945,67.99127719633435,67.99127803812584,100.06725644412346,117.84172246489217,117.84172386368544,149.91770386021702,149.91770612683567,186.7588674411919,186.75886897780563
512,16,2032150160,512,158,0.0002605393429864255,0.0005947819509573454,5.443205236320774e-08,9.355125584975988e-09,0.21395725087324075,0.24574256866529856,199.78397630648817,0.6221396999899298,1,35.91529813735654,67.99127719317254,67.9912781315141,100.06725787593813,117.84172385546388,117.84172652938376,149.91770513042894,149.91770653292784,186.75886681939997,186.7588698605687
512,17,2032150161,512,149,0.00035351287017597273,0.0005582965171616286,9.916420137493551e-08,3.284579266140428e-08,0.21395728058050034,0.2457425641542369,66.53865920376056,0.628896199981682,1,35.9152972551913,67.99127870827964,67.9912802069655,100.06725782267864,117.8417230866785,117.84172526021386,149.91770831490302,149.91771323906866,186.7588728492528,186.75887533601338
512,18,2032150162,512,147,0.00036812081876053826,0.0006020794616574974,1.0691630637354112e-07,5.230655227880715e-08,0.21395725066799504,0.24574253149502617,66.27128492470462,0.6192418000428006,1,35.91529767302231,67.99127719424916,67.99127921842344,100.06726221751892,117.84172599836977,117.84172798929326,149.91770655956847,149.9177144012464,186.75886911523685,186.75887298290942
512,19,2032150163,512,148,0.00032462052862167277,0.0005676574190423937,8.371613345724693e-08,9.068580798780266e-09,0.21395727250471872,0.24574254764955542,115.13876807280066,0.6202703000744805,1,35.91529734486548,67.9912777932458,67.99128134146557,100.06726167413792,117.84172406291516,117.84172771960255,149.9177095635891,149.91771092312987,186.75886805897017,186.758877448255
672,0,2032172064,512,167,0.00018542800372943892,0.0005180257651189407,2.7950717511555734e-08,5.925704773800748e-09,0.2139572499103596,0.24574255170225406,132.47079833857066,0.9387117000296712,1,35.91529668574797,67.99127489276327,67.99127685380347,100.06725386438413,117.8417225717851,117.84172321784679,149.91770167453905,149.91770256290707,186.7588603063186,186.75886564211862
672,1,2032172065,512,160,0.00032494637927173923,0.0005777078062860596,8.357885953602393e-08,5.9134648426961377e-08,0.21395724836806018,0.245742540973087,59.76321030426812,0.8938136999495327,1,35.915297842358946,67.99127676635072,67.99127689650362,100.06725559110424,117.84172347164797,117.84172381174542,149.9177020372197,149.91771090255008,186.7588670374696,186.75886917618053
672,2,2032172066,512,173,0.00023252516232934409,0.00040492137198442187,4.369010047979477e-08,2.106767137601236e-08,0.21395725268242152,0.24574251619546986,80.48706607778652,0.9226193999638781,1,35.915294394636554,67.99127430393243,67.99127670429141,100.06725272439871,117.8417224712391,117.84172289182894,149.91770176410233,149.91770492251914,186.7588573428353,186.75886555934295
672,3,2032172067,512,162,0.0002743262995595391,0.0005757207101297428,6.024467237282971e-08,2.465257869031046e-08,0.2139572445994389,0.24574251970871552,78.33625166221103,0.9171029001008719,1,35.915297755702056,67.99127513973177,67.99127709503374,100.06726004783371,117.84172446382136,117.84172604799335,149.9177037084846,149.91770740434245,186.75886035135633,186.75886709377707
672,4,2032172068,512,165,0.00022239826032508962,0.0005447181866187341,3.9988001863833294e-08,5.591828924939169e-09,0.21395725538072927,0.24574253988998374,111.22470239121367,0.9363601000513881,1,35.915296945252265,67.99127502889358,67.99127697942373,100.0672574731388,117.84172304011544,117.84172425239743,149.9177035291949,149.91770436750903,186.7588603400522,186.75886668099358
672,5,2032172069,512,168,0.00023546089628547506,0.00047389526301256,4.462493579421978e-08,2.013162065085775e-08,0.2139572445575246,0.24574256078009898,81.82502623725748,0.9329000998986885,1,35.91529531497456,67.99127559107198,67.99127781674217,100.0672572048817,117.84172336642348,117.84172439037371,149.91770204458126,149.9177050626675,186.75886416700865,186.75886445952176
672,6,2032172070,512,159,0.0002405135926478658,0.0005282400516714618,4.651225916908066e-08,5.209031419741274e-09,0.21395725675383134,0.24574252360373341,57.10045875568174,0.9117640999611467,1,35.91529676450788,67.99127455613893,67.99127816449625,100.0672551573525,117.84172338962753,117.84172508203488,149.91770456468467,149.91770534561067,186.75885887655667,186.75886866130793
672,7,2032172071,512,174,0.0002975925018957925,0.00046244618368643963,7.047965257254425e-08,3.2854106783623344e-08,0.2139572604505757,0.24574250462226024,359.26279187210724,0.925401599961333,1,35.915295366958304,67.99127522383819,67.99127759411984,100.06725534926004,117.84172266323071,117.84172397647787,149.91770401333505,149.91770893874713,186.75885962403436,186.75886455723997
672,8,2032172072,512,166,0.00025313444035197544,0.00046887710906470776,5.1599153280213564e-08,2.4933880394438225e-08,0.21395724386890466,0.24574251710607353,65.86744526863289,0.9046957000391558,1,35.91529569750883,67.9912748910725,67.99127525559474,100.06725808608792,117.84172332368969,117.84172481922494,149.91770237019617,149.91770610822613,186.75885866505791,186.75886070280427
672,9,2032172073,512,163,0.0002610121521008802,0.0005117445770163764,5.482579747532986e-08,3.064316186515016e-08,0.213957247007009,0.24574254557072173,43.364803756527216,0.8971460999455303,1,35.91529637325778,67.99127573293809,67.99127805204611,100.06725744409484,117.84172328458106,117.84172397657629,149.9177019980049,149.9177065919572,186.75886341614353,186.75886834730034
672,10,2032172074,512,160,0.00031273656165445594,0.0006008207543175671,7.823480737810774e-08,2.3047391939067772e-08,0.21395726204406967,0.24574250795750957,174.33337670015138,0.9321038000052795,1,35.915298091083805,67.99127536579996,67.99127753291302,100.06725866308427,117.84172485096329,117.84172637041999,149.91770664617013,149.91771010138208,186.75886128668222,186.7588664193268
672,11,2032172075,512,162,0.00024675501379847005,0.000562742217583898,4.866692247561866e-08,1.1524510888114632e-08,0.21395725829683962,0.24574253352631895,65.65591109927047,0.9136911999667063,1,35.915296811632494,67.9912747406722,67.99127609760394,100.0672642729092,117.84172276085857,117.84172422693065,149.9177039409047,149.91770566863283,186.75886068715002,186.75886070622482
672,12,2032172076,512,164,0.0002997671804657291,0.0005643775209529204,7.128342808723974e-08,2.0997131674831905e-08,0.21395725367645166,0.2457424872274452,159.05380329190342,0.9029536000452936,1,35.91529722715701,67.9912758891042,67.99127954540484,100.06725882063292,117.84172444424533,117.84172689010954,149.91770591140565,149.9177090592473,186.7588571367439,186.7588756028723
672,13,2032172077,512,161,0.0003061543964424542,0.000567187777379987,7.469498457880029e-08,2.0809008237077733e-08,0.213957262745632,0.245742588076054,97.06758990712277,0.9098615000257269,1,35.9152974669604,67.99127868095526,67.99127998213793,100.0672581822642,117.84172499073424,117.84172607013463,149.91770645106138,149.9177095707,186.7588727671879,186.75887749405652
672,14,2032172078,512,165,0.00022601900731557048,0.0005240024309506883,4.1245147951353625e-08,1.6826903900103077e-08,0.21395725120957187,0.2457425351625071,68.55816481758244,0.9577967000659555,1,35.915296802675144,67.99127535916774,67.9912758761221,100.06725732460066,117.84172285412491,117.84172338185961,149.91770203332678,149.91770455597748,186.75885981978823,186.75886315303754
672,15,2032172079,512,164,0.00024220857397632399,0.0005493497222521515,4.722797968359451e-08,1.7071718826254357e-08,0.2139572528069886,0.2457425243343534,86.90316266449793,0.9514437000034377,1,35.915297302848735,67.99127470285985,67.99127691430951,100.06725873228011,117.8417236914673,117.84172400260884,149.91770289355705,149.91770545290984,186.7588590933887,186.75886521287813
672,16,2032172080,512,166,0.0002186082345155813,0.0005275321267716238,3.8630068822648534e-08,5.451583114994112e-09,0.21395725482507158,0.2457425350096941,95.73319646993338,0.9211046000709757,1,35.915296965021064,67.99127483936914,67.99127549599807,100.06725530301028,117.84172305964194,117.84172415314748,149.91770334664204,149.91770416393084,186.7588594048322,186.758861564676
672,17,2032172081,512,159,0.0002613651433436078,0.0005585977028859034,5.493203946383026e-08,2.2393307782403532e-08,0.2139572515976757,0.24574258359891823,33.05494118132066,0.9157275999896228,1,35.915297434489744,67.99127818551736,67.99127902000913,100.06725994958933,117.84172394776222,117.8417245410808,149.9177032507316,149.91770660788475,186.75886913317078,186.75887263584588
672,18,2032172082,512,165,0.00020359903743577784,0.0005234617374357975,3.346072091395541e-08,3.4538232480620504e-09,0.21395724804601293,0.24574254714773505,185.92923507344724,0.9228692000033334,1,35.91529657721723,67.99127491740582,67.99127796994061,100.06725698209446,117.84172285308718,117.84172469397117,149.91770287116486,149.9177033889541,186.75886044956263,186.75887093442483
672,19,2032172083,512,174,0.00022958544404454268,0.000519914520792328,4.261445459040154e-08,8.178117929044808e-09,0.21395725779995534,0.24574253095202614,61.64300575204377,0.9353426999878138,1,35.91529654235851,67.9912748044875,67.99127808867746,100.06725514884923,117.84172287327142,117.84172389573388,149.91770353521616,149.91770476126078,186.7588593938459,186.75887018468237
896,0,2032202752,512,194,0.00014453954340768986,0.0004622744155740073,1.711974755098306e-08,8.815520947869962e-09,0.21395724018806653,0.24574253135105376,152.99522943751765,1.5713947000913322,1,35.915295620507955,67.9912731838395,67.99127398167911,100.06725323441525,117.84172184048613,117.84172261840192,149.91769961755037,149.91770093915298,186.7588556315594,186.75885637424338
896,1,2032202753,512,178,0.00019681764265462777,0.0004922646482465569,3.1430221738067597e-08,1.920351227745882e-09,0.2139572573466986,0.24574254061671252,80.2647007529209,1.5717918999725953,1,35.91529623181504,67.9912746651389,67.99127494417733,100.06725353610915,117.84172227573204,117.84172322512062,149.9177027966517,149.91770308454633,186.758859166039,186.75885998779899
896,2,2032202754,512,183,0.00017073192506062256,0.0005067099935406455,2.3725505055916703e-08,6.882578815710516e-09,0.213957249159214,0.24574253872135104,52.61014655870051,1.6587137000169605,1,35.91529652030799,67.9912739715658,67.99127452915958,100.06725322566788,117.84172192331694,117.84172255357034,149.91770089765257,149.91770192947294,186.75885772681738,186.75885952895268
896,3,2032202755,512,181,0.00019332871825038572,0.0005155783362082456,3.0287050123438245e-08,6.409153681474233e-09,0.21395725262202692,0.24574254704127182,133.35533693852062,1.6716871000826359,1,35.9152965542001,67.99127469154921,67.99127576746086,100.06725497165229,117.84172237063436,117.84172308909993,149.9177019523191,149.91770291316467,186.7588599578125,186.75886329069732
896,4,2032202756,512,170,0.0002692191963996164,0.0005737920653715589,5.798956336037542e-08,2.163997664732935e-08,0.21395724703095292,0.24574252815076375,238.6962330683252,1.6825259000761434,1,35.91529777418549,67.99127604917784,67.99127923850622,100.06725463201848,117.84172285127214,117.84172579702798,149.9177038220462,149.9177070662617,186.75886127888802,186.75887378222748
896,5,2032202757,512,182,0.00020334978311885958,0.0003232374562845996,3.342113276269465e-08,1.6734229353322145e-08,0.21395724861169646,0.24574253494467937,156.24860108563328,1.6854880000464618,1,35.91529317094212,67.99127387938408,67.99127446901386,100.06725311329777,117.84172183411671,117.84172261226232,149.91770087426198,149.91770338301913,186.75885861417365,186.75885942181938
896,6,2032202758,512,185,0.00016090782100401828,0.0004797979787372676,2.1098596384440544e-08,7.998534405769712e-09,0.2139572457259783,0.24574253644391572,115.70902290335466,1.5360154999652877,1,35.91529597202235,67.99127383728474,67.99127484159465,100.0672524564765,117.84172207023867,117.84172250715153,149.91770033653097,149.91770153565284,186.75885699156942,186.75885773040193
896,7,2032202759,512,182,0.00018471400588390306,0.000431165631922313,2.7761574880527142e-08,8.157871510566076e-09,0.2139572519847896,0.24574253209577218,122.50864091312329,1.5481787000317127,1,35.91529497069759,67.99127440013865,67.99127622258608,100.06725329263342,117.84172162923724,117.8417225438559,149.91770131154192,149.91770253455124,186.75885733860414,186.75886583304057
896,8,2032202760,512,182,0.00021600421329918214,0.000469740976061144,3.761387852841228e-08,1.2641654968247738e-08,0.21395725622258416,0.24574251182563508,95.34310631044586,1.5537659999681637,1,35.91529559455395,67.99127386663108,67.99127424667553,100.0672541992787,117.84172258414578,117.84172271337168,149.9177021163781,149.91770401158593,186.75885577678653,186.75885898091204
896,9,2032202761,512,174,0.00021391785936031676,0.0005068207005975388,3.6995250012778916e-08,1.6715609549109506e-08,0.21395725099906193,0.24574251942671918,59.746062645912446,1.6063994000433013,1,35.915296471350715,67.99127406715434,67.9912749455066,100.0672547102412,117.84172193477107,117.84172279296885,149.91770141287685,149.91770391884256,186.7588568235802,186.75885839724168
896,10,2032202762,512,185,0.00017506587357274544,0.00046267218844513815,2.493364872513366e-08,7.846589864690373e-09,0.21395724537345895,0.24574253232694193,430.38810391144045,1.580731499940157,1,35.9152953371402,67.99127353064597,67.99127435696668,100.06725436488813,117.84172249508697,117.84172315772182,149.91770093425237,149.91770211059506,186.7588569493044,186.75885787387665
896,11,2032202763,512,174,0.00019867624283991748,0.0004615527954763403,3.1974784894536055e-08,1.5303290906394596e-08,0.21395724706013491,0.24574251996504623,206.5982584988142,1.578858199995011,1,35.915295610731256,67.9912728708637,67.99127380682818,100.06725294799553,117.84172161956069,117.84172284255871,149.91770087195184,149.917703166186,186.75885615162838,186.75885728348624
896,12,2032202764,512,174,0.0002164841536740048,0.0005022423079546685,3.779115502732792e-08,5.4198425244478956e-09,0.2139572612513797,0.24574252164829,86.77646260506296,1.5487283000256866,1,35.915296423903996,67.99127449116772,67.99127755627558,100.06725650683943,117.84172287529888,117.84172306872061,149.9177032256325,149.9177040381628,186.75885727595323,186.75886849330837
896,13,2032202765,512,173,0.00021201356829656686,0.0005130661713158217,3.6271327419056636e-08,2.514169515433417e-09,0.2139572576510858,0.24574253258410453,119.48020810230469,1.572655100026168,1,35.91529660792262,67.99127468186329,67.99127517978839,100.06725519146691,117.84172292600726,117.84172381623114,149.91770343339525,149.91770381031375,186.75885868757632,186.7588637315131
896,14,2032202766,512,169,0.0002566316518299292,0.0005159502052258826,5.2822819172000536e-08,1.2586495682239741e-08,0.21395726368738935,0.24574253462621087,129.84272697984,1.6213862000731751,1,35.91529638036042,67.99127666766476,67.99127918762791,100.0672546969361,117.84172251590041,117.841723882624,149.91770440473684,149.9177062916753,186.75886147508575,186.75887315857352
896,15,2032202767,512,184,0.00019866277897059482,0.0005156469638115499,3.1904246899594344e-08,1.9568908801651154e-08,0.21395723995890303,0.24574252489147824,151.2958713372393,1.6412165999645367,1,35.91529668642491,67.99127335955642,67.99127560488515,100.06725405149271,117.84172204096589,117.84172325709254,149.91770022188533,149.9177031556111,186.75885687961284,186.75886265065128
896,16,2032202768,512,189,0.00018682107298317944,0.0005087144522248992,2.834126323645704e-08,1.3150963251110474e-08,0.21395724407568106,0.24574253558022544,161.31220155400092,1.5549364000326023,1,35.91529648883821,67.99127330589073,67.99127518386571,100.06725319114413,117.84172256509987,117.84172306792397,149.91770064989464,149.91770262145678,186.7588579478909,186.75885947212822
896,17,2032202769,512,176,0.00024814815307009903,0.0005406932625486461,4.9594892643679594e-08,7.882077924257324e-09,0.21395726156194045,0.24574251714437897,81.83128295273391,1.5492503000423312,1,35.91529698236654,67.99127461509374,67.99127865918119,100.0672578068495,117.84172353434421,117.84172442261857,149.917704626089,149.917705807752,186.75885837032644,186.75887182227805
896,18,2032202770,512,183,0.00017292289981188757,0.0005191947050114818,2.4295554679618538e-08,7.290275842014999e-09,0.21395724810908337,0.2457425408059382,63.51978579039097,1.5530756000662223,1,35.91529680303434,67.99127435631547,67.99127450973211,100.06725447480733,117.84172265928653,117.84172273534303,149.9177009219921,149.91770201493347,186.75885812479441,186.7588593191852
896,19,2032202771,512,180,0.00016317221597773667,0.00043980300122798267,2.171524566313474e-08,2.7745244848704466e-09,0.21395724946190783,0.2457425377087376,73.61779254984029,1.5340074999257922,1,35.91529519711332,67.99127430855299,67.99127518024746,100.06725273295828,117.84172249904931,117.84172282268776,149.91770121214915,149.91770162809948,186.75885727363524,186.75885943021495
