method,seed,step,seconds,lambda,lambda_eval_a,lambda_eval_b,rel_error,train_rayleigh,learning_rate,device
DRM,20260708,1,1.158109300000433,810.929931640625,811.1990356445312,810.6608276367188,0.15936581884593481,843.1549682617188,0.002,cuda
DRM,20260708,500,24.839270300000862,739.889892578125,739.85888671875,739.9208984375,0.05780168877132546,740.769775390625,0.002,cuda
DRM,20260708,1000,48.574177899999995,713.6465454101562,713.6942749023438,713.5988159179688,0.020282245362577552,715.8201293945312,0.002,cuda
DRM,20260708,1500,72.14850640000077,707.2857971191406,707.4368896484375,707.1347045898438,0.01118844593163696,710.6859130859375,0.002,cuda
DRM,20260708,2000,95.74757670000145,711.4339904785156,711.022216796875,711.8457641601562,0.01711901206710224,708.0939331054688,0.002,cuda
DRM,20260708,2500,122.23399710000012,710.8897094726562,711.1370239257812,710.6423950195312,0.016340867409445074,701.9544067382812,0.002,cuda
DRM,20260708,3000,146.2273150000001,709.1430358886719,709.1297607421875,709.1563110351562,0.013843692781970564,716.8263549804688,0.002,cuda
DRM,20260708,3500,169.8466666000004,704.1477661132812,703.9029541015625,704.392578125,0.006702083121829646,710.6909790039062,0.002,cuda
DRM,20260708,4000,193.54393440000058,710.5557861328125,710.7303466796875,710.3812255859375,0.015863465736101385,704.173828125,0.002,cuda
DRM,20260708,4500,217.21464670000023,710.6520690917969,710.0341186523438,711.27001953125,0.01600111902429361,703.2095336914062,0.002,cuda
DRM,20260708,5000,240.98126279999997,704.6676940917969,704.5354614257812,704.7999267578125,0.007445410878067669,711.1790771484375,0.002,cuda
DRM,20260708,5500,264.60395620000054,702.1204528808594,702.1805419921875,702.0603637695312,0.0038036851541916757,694.9362182617188,0.002,cuda
DRM,20260708,6000,288.2473991000006,702.2824401855469,702.3775024414062,702.1873779296875,0.004035274267891941,705.0670166015625,0.002,cuda
DRM,20260708,6500,311.95033780000085,702.4535522460938,702.6355590820312,702.2715454101562,0.004279908812073816,711.9324951171875,0.002,cuda
DRM,20260708,7000,335.65517490000093,704.8199157714844,704.8214111328125,704.8184204101562,0.007663038327038454,709.6447143554688,0.002,cuda
DRM,20260708,7500,359.4609655000004,705.6775512695312,705.0819702148438,706.2731323242188,0.00888917790170284,703.8567504882812,0.002,cuda
DRM,20260708,8000,383.41181140000117,701.1531982421875,700.8429565429688,701.4634399414062,0.002420825892938865,702.8472290039062,0.002,cuda
DRM,20260708,8500,406.95005480000145,702.3726196289062,702.381591796875,702.3636474609375,0.0041642015156282425,700.08544921875,0.002,cuda
DRM,20260708,9000,433.41259040000114,713.0978088378906,712.0166625976562,714.178955078125,0.01949773069538756,715.4234619140625,0.002,cuda
DRM,20260708,9500,459.59848280000006,701.4824829101562,701.2442626953125,701.720703125,0.0028915957755360515,712.4357299804688,0.002,cuda
DRM,20260708,10000,483.84398090000104,701.7346496582031,701.4334106445312,702.035888671875,0.003252112136972618,704.7381591796875,0.002,cuda
DRM,20260708,10500,507.7950613000012,703.3015747070312,702.759521484375,703.8436279296875,0.00549230487302012,702.6134643554688,0.002,cuda
DRM,20260708,11000,531.8481319000002,709.0811157226562,709.03564453125,709.1265869140625,0.013755167101545198,699.4115600585938,0.002,cuda
DRM,20260708,11500,555.8965109000001,700.1617126464844,699.9375,700.3859252929688,0.0010033242510760292,701.6561279296875,0.002,cuda
DRM,20260708,12000,579.9190103000001,700.8430786132812,700.75390625,700.9322509765625,0.0019774557773732846,701.616943359375,0.002,cuda
DRM,20260708,12500,603.8056376000004,702.7182006835938,702.6548461914062,702.7815551757812,0.0046582699262427505,703.769287109375,0.002,cuda
DRM,20260708,13000,627.8154843000011,701.3909912109375,700.9346313476562,701.8473510742188,0.0027607924291017266,700.8665771484375,0.002,cuda
DRM,20260708,13500,651.9007439000015,702.8335266113281,702.3231201171875,703.3439331054688,0.004823148460657465,703.8789672851562,0.002,cuda
DRM,20260708,14000,675.9894582000015,703.2301635742188,703.0274047851562,703.4329223632812,0.005390210199685791,697.8649291992188,0.002,cuda
DRM,20260708,14500,700.1616236000009,704.2484130859375,704.190185546875,704.306640625,0.00684597552894786,701.0799560546875,0.002,cuda
DRM,20260708,15000,724.3139489000005,700.5361328125,700.4677124023438,700.6045532226562,0.0015386232028447857,704.0397338867188,0.002,cuda
DRM,20260708,15500,750.5837861,711.557373046875,711.8305053710938,711.2842407226562,0.017295408974918776,702.4326782226562,0.002,cuda
DRM,20260708,16000,775.3823589000003,706.37841796875,706.6024169921875,706.1544189453125,0.00989118912725678,705.4015502929688,0.002,cuda
DRM,20260708,16500,799.5547841000007,699.9781188964844,699.7504272460938,700.205810546875,0.0007408449541617869,700.1800537109375,0.002,cuda
DRM,20260708,17000,823.7437548000016,701.1340026855469,700.9164428710938,701.3515625,0.0023933824957049787,700.8939208984375,0.002,cuda
DRM,20260708,17500,847.7466300000015,700.4430847167969,700.4609375,700.4252319335938,0.0014055947160941998,703.0460815429688,0.002,cuda
DRM,20260708,18000,872.7232038000002,706.3939514160156,706.6832275390625,706.1046752929688,0.009913396900217109,706.930419921875,0.002,cuda
DRM,20260708,18500,897.280157000001,700.066162109375,699.8009643554688,700.3313598632812,0.0008667180877385138,706.1140747070312,0.002,cuda
DRM,20260708,19000,921.5779519000007,701.2182006835938,700.791015625,701.6453857421875,0.0025137582237944726,700.419189453125,0.002,cuda
DRM,20260708,19500,945.7552103000016,706.0408630371094,706.149658203125,705.9320678710938,0.009408595459841813,709.0609741210938,0.002,cuda
DRM,20260708,20000,969.8635360000007,700.9073181152344,700.8570556640625,700.9575805664062,0.0020692973531719018,702.008056640625,0.002,cuda
DRM,20260708,20500,993.9021505000001,701.1041870117188,700.816162109375,701.3922119140625,0.0023507557880777822,707.6756591796875,0.002,cuda
DRM,20260708,21000,1018.0253176000006,699.8834228515625,699.7952880859375,699.9715576171875,0.000605460436488101,699.7007446289062,0.002,cuda
DRM,20260708,21500,1042.2046627,699.936279296875,699.742919921875,700.129638671875,0.0006810279468364168,694.7626342773438,0.002,cuda
DRM,20260708,22000,1066.3678673000013,702.0739135742188,702.1622924804688,701.9855346679688,0.003737149095715243,703.4664306640625,0.002,cuda
DRM,20260708,22500,1090.4455892000005,699.4530639648438,699.2506103515625,699.655517578125,9.812676059213642e-06,703.98876953125,0.002,cuda
DRM,20260708,23000,1114.8426741000003,700.3196411132812,700.178466796875,700.4608154296875,0.0012291105478731044,699.3216552734375,0.002,cuda
DRM,20260708,23500,1139.1569478000001,700.4177856445312,700.1382446289062,700.6973266601562,0.0013694252784043882,700.9669799804688,0.002,cuda
DRM,20260708,24000,1163.391709900001,701.1492919921875,700.9359741210938,701.3626098632812,0.0024152412270470724,698.485107421875,0.002,cuda
DRM,20260708,24500,1187.6871980000014,701.9889221191406,701.8875732421875,702.0902709960938,0.003615638982366479,705.1007080078125,0.002,cuda
DRM,20260708,25000,1211.9630873000006,699.8342895507812,699.5465087890625,700.1220703125,0.0005352158108178999,697.3557739257812,0.002,cuda
DRM,20260708,25500,1236.3844169000004,700.9224243164062,700.6047973632812,701.2400512695312,0.0020908943033003174,706.6028442382812,0.002,cuda
DRM,20260708,26000,1260.6257791000007,701.1246643066406,701.2117919921875,701.0375366210938,0.0023800316538074126,702.8712768554688,0.002,cuda
DRM,20260708,26500,1284.740758,700.459716796875,700.0863647460938,700.8330688476562,0.001429373176336597,699.9417114257812,0.002,cuda
DRM,20260708,27000,1308.8497629000012,700.0691833496094,699.8947143554688,700.24365234375,0.000871037477764197,701.5684204101562,0.002,cuda
DRM,20260708,27500,1332.775010200001,703.5247802734375,703.05029296875,703.999267578125,0.00581141617249332,701.014892578125,0.002,cuda
DRM,20260708,28000,1358.6558692000017,705.7382507324219,705.774169921875,705.7023315429688,0.008975958374037021,703.2005004882812,0.002,cuda
DRM,20260708,28500,1384.1518958000015,701.7281799316406,701.1753540039062,702.281005859375,0.003242862534089337,699.0735473632812,0.002,cuda
DRM,20260708,29000,1408.4644329000002,700.0192565917969,699.87353515625,700.1649780273438,0.0007996584668347255,698.5977783203125,0.002,cuda
DRM,20260708,29500,1432.8686838000012,700.0126037597656,699.7330932617188,700.2921142578125,0.0007901470827377666,705.408935546875,0.002,cuda
DRM,20260708,30000,1457.5287766000001,703.2098083496094,703.3241577148438,703.095458984375,0.005361108854765278,688.2907104492188,0.002,cuda
DRM,20260708,30500,1482.1612365,699.7890625,699.652099609375,699.926025390625,0.00047055585103949115,694.0104370117188,0.002,cuda
DRM,20260708,31000,1506.7417967000001,700.2821960449219,699.9007568359375,700.6636352539062,0.0011755762896760009,700.9246215820312,0.002,cuda
DRM,20260708,31500,1531.2833229000007,700.42041015625,700.0637817382812,700.7770385742188,0.001373177475800436,702.2078857421875,0.002,cuda
DRM,20260708,32000,1555.6523903000016,701.9928894042969,701.7365112304688,702.249267578125,0.0036213109086628307,697.181884765625,0.002,cuda
DRM,20260708,32500,1580.359425300001,701.0411682128906,700.6161499023438,701.4661865234375,0.0022606594203703504,709.6060791015625,0.002,cuda
DRM,20260708,33000,1605.3768400000008,701.6268615722656,701.2294921875,702.0242309570312,0.0030980102625209715,708.1217041015625,0.002,cuda
DRM,20260708,33500,1630.5479659000011,702.2631530761719,702.2893676757812,702.2369384765625,0.004007699980051216,699.0086059570312,0.002,cuda
DRM,20260708,34000,1655.605749100001,701.0722961425781,700.5607299804688,701.5838623046875,0.002305162226695571,703.2756958007812,0.002,cuda
DRM,20260708,34500,1680.8507653000015,701.276611328125,700.8115844726562,701.7416381835938,0.0025972664309576806,696.4598999023438,0.002,cuda
DRM,20260708,35000,1705.9727664000002,699.9723510742188,699.7496948242188,700.1950073242188,0.0007325988459309372,704.6866455078125,0.002,cuda
DRM,20260708,35500,1730.8298250000007,699.3094787597656,699.1172485351562,699.501708984375,0.0002150927777848636,700.0682983398438,0.0004,cuda
DRM,20260708,36000,1756.0356416000013,699.7190551757812,699.5794067382812,699.8587036132812,0.0003704681670100244,702.1738891601562,0.0004,cuda
DRM,20260708,36500,1781.0973481,699.55859375,699.4401245117188,699.6770629882812,0.00014106056342374015,706.3101196289062,0.0004,cuda
DRM,20260708,37000,1806.4934923,699.5190734863281,699.3497314453125,699.6884155273438,8.455945147162182e-05,700.2448120117188,0.0004,cuda
DRM,20260708,37500,1831.6176692000008,699.2846069335938,699.0716552734375,699.49755859375,0.00025065139264276044,699.97265625,0.0004,cuda
DRM,20260708,38000,1856.6125887000017,699.4893188476562,699.3523559570312,699.6262817382812,4.202000424898448e-05,704.8778686523438,0.0004,cuda
DRM,20260708,38500,1881.5525149000005,699.3457641601562,699.0928344726562,699.5986938476562,0.00016321646727438584,697.5767822265625,0.0004,cuda
DRM,20260708,39000,1906.5994916,699.5149536132812,699.315673828125,699.7142333984375,7.866937416387203e-05,700.9569702148438,0.0004,cuda
DRM,20260708,39500,1931.3785206000011,699.8873901367188,699.4773559570312,700.2974243164062,0.0006111323627844527,695.0604248046875,0.0004,cuda
DRM,20260708,40000,1956.7098164,699.4279479980469,699.2304077148438,699.62548828125,4.572033253534752e-05,700.731201171875,0.0004,cuda
DRM,20260708,40500,1984.2397788000017,699.2130126953125,699.0303955078125,699.3956298828125,0.00035300784719076786,698.4786376953125,8e-05,cuda
DRM,20260708,41000,2009.6997063000017,699.2346801757812,698.9547729492188,699.5145874023438,0.00032203040357223195,699.7455444335938,8e-05,cuda
DRM,20260708,41500,2034.7460997000017,699.2247314453125,699.0234985351562,699.4259643554688,0.0003362538495153907,699.1356201171875,8e-05,cuda
DRM,20260708,42000,2059.6920458000004,699.217041015625,699.019775390625,699.414306640625,0.00034724866048985696,697.5706176757812,8e-05,cuda
DRM,20260708,42500,2084.9334884,699.2198181152344,698.9514770507812,699.4881591796875,0.0003432783120824108,702.479736328125,8e-05,cuda
DRM,20260708,43000,2110.3785333000014,699.2562866210938,699.0974731445312,699.4151000976562,0.0002911402203582553,695.6264038085938,8e-05,cuda
DRM,20260708,43500,2135.6107477000005,699.252197265625,698.9686889648438,699.5357055664062,0.00029698666746372546,703.2274169921875,8e-05,cuda
DRM,20260708,44000,2161.1315287000016,699.2257995605469,699.021240234375,699.4303588867188,0.0003347267924356037,696.3418579101562,8e-05,cuda
DRM,20260708,44500,2186.2544407000005,699.2360229492188,699.0243530273438,699.4476928710938,0.0003201106746719283,705.0043334960938,8e-05,cuda
DRM,20260708,45000,2212.1040756,699.273681640625,699.060791015625,699.486572265625,0.0002662710050588673,701.1325073242188,8e-05,cuda
DRM,20260708,45500,2236.0233711,699.1936950683594,698.9833374023438,699.404052734375,0.0003806257652337724,702.4639892578125,1.6000000000000003e-05,cuda
DRM,20260708,46000,2260.2162458000003,699.206298828125,699.0146484375,699.39794921875,0.000362606491692286,699.6105346679688,1.6000000000000003e-05,cuda
DRM,20260708,46500,2284.3567478000004,699.2219543457031,699.0472412109375,699.3966674804688,0.00034022419792283684,700.6807861328125,1.6000000000000003e-05,cuda
DRM,20260708,47000,2308.6202472000004,699.1845397949219,698.99560546875,699.3734741210938,0.00039371482591766085,699.6611328125,1.6000000000000003e-05,cuda
DRM,20260708,47500,2332.7170764,699.1930541992188,698.9766845703125,699.409423828125,0.0003815419994816446,700.9525146484375,1.6000000000000003e-05,cuda
DRM,20260708,48000,2360.089555800001,699.1856994628906,698.9785766601562,699.392822265625,0.00039205687823103493,708.38818359375,1.6000000000000003e-05,cuda
DRM,20260708,48500,2386.9652306000007,699.1760559082031,698.9739379882812,699.378173828125,0.0004058440221513974,699.678955078125,1.6000000000000003e-05,cuda
DRM,20260708,49000,2412.5446066000004,699.1797485351562,698.96435546875,699.3951416015625,0.00040056476767556245,696.5684814453125,1.6000000000000003e-05,cuda
DRM,20260708,49500,2438.485652200001,699.1914978027344,698.9927368164062,699.3902587890625,0.00038376713979790565,705.773193359375,1.6000000000000003e-05,cuda
DRM,20260708,50000,2464.4440942,699.1788940429688,698.9810180664062,699.3767700195312,0.000401786413339392,696.6990356445312,1.6000000000000003e-05,cuda
DRM,20260708,50500,2490.4798113000015,699.1806335449219,698.944580078125,699.4166870117188,0.00039929949180945323,696.1654052734375,1.6000000000000003e-05,cuda
DRM,20260708,51000,2516.244634300001,699.1832275390625,698.982177734375,699.38427734375,0.0003955909246156848,700.5911865234375,1.6000000000000003e-05,cuda
DRM,20260708,51500,2542.080792500001,699.1957397460938,698.9647216796875,699.4267578125,0.0003777025416810373,702.3469848632812,1.6000000000000003e-05,cuda
DRM,20260708,52000,2568.0865489000007,699.1822814941406,698.9869995117188,699.3775634765625,0.0003969434608863533,697.595458984375,3.2000000000000007e-06,cuda
DRM,20260708,52500,2595.872630400001,699.175537109375,698.96044921875,699.390625,0.00040658573559015107,702.2476196289062,3.2000000000000007e-06,cuda
DRM,20260708,53000,2624.8678318,699.1810607910156,698.9671630859375,699.3949584960938,0.0003986886689775384,700.4762573242188,3.2000000000000007e-06,cuda
DRM,20260708,53500,2651.0000138000014,699.1784362792969,698.9721069335938,699.384765625,0.00040244086637358643,693.6920776367188,3.2000000000000007e-06,cuda
DRM,20260708,54000,2677.6857377000015,699.17626953125,698.9710693359375,699.3814697265625,0.00040553861073544,694.0415649414062,3.2000000000000007e-06,cuda
DRM,20260708,54500,2703.7256499000014,699.1871948242188,698.9872436523438,699.3871459960938,0.0003899189983193332,703.79248046875,3.2000000000000007e-06,cuda
DRM,20260708,55000,2729.8349086000017,699.1846313476562,698.9533081054688,699.4159545898438,0.00039358393531082193,709.1297607421875,3.2000000000000007e-06,cuda
DRM,20260708,55500,2755.8751041000014,699.1721801757812,698.9491577148438,699.3952026367188,0.0004113850578409102,696.7427978515625,3.2000000000000007e-06,cuda
DRM,20260708,56000,2782.547899500001,699.1798400878906,698.9705810546875,699.3890991210938,0.00040043387706872354,703.0665893554688,3.2000000000000007e-06,cuda
DRM,20260708,56500,2808.3235671,699.1809387207031,698.9745483398438,699.3873291015625,0.00039886318978665694,701.046875,1e-06,cuda
DRM,20260708,57000,2834.845229900002,699.1800842285156,698.9745483398438,699.3856201171875,0.0004000848354504865,701.0859375,1e-06,cuda
DRM,20260709,1,0.5322659999983443,816.2502136230469,816.296142578125,816.2042846679688,0.16697209016035378,1352.4793701171875,0.002,cuda
DRM,20260709,500,26.295774599999277,742.9706115722656,743.1867065429688,742.7545166015625,0.06220611406125163,740.1121826171875,0.002,cuda
DRM,20260709,1000,52.15167880000081,717.5595092773438,717.927490234375,717.1915283203125,0.025876509898871462,719.3219604492188,0.002,cuda
DRM,20260709,1500,77.97688189999826,713.6715393066406,714.0823974609375,713.2606811523438,0.020317978498244568,717.5425415039062,0.002,cuda
DRM,20260709,2000,103.7639777000004,715.1741638183594,715.7342529296875,714.6140747070312,0.022466242398088896,707.6566162109375,0.002,cuda
DRM,20260709,2500,129.61706589999812,718.2322692871094,718.2301025390625,718.2344360351562,0.026838337708125864,708.8285522460938,0.002,cuda
DRM,20260709,3000,155.69442069999786,712.982666015625,713.1859130859375,712.7794189453125,0.019333113942186526,701.9971313476562,0.002,cuda
DRM,20260709,3500,181.4331342000005,708.5476379394531,708.8510131835938,708.2442626953125,0.01299246753549502,703.1694946289062,0.002,cuda
DRM,20260709,4000,207.79449229999955,713.5541076660156,713.2085571289062,713.899658203125,0.02015008947987256,714.7017822265625,0.002,cuda
DRM,20260709,4500,233.48879459999807,711.0179138183594,711.0670776367188,710.96875,0.01652415788922179,703.6931762695312,0.002,cuda
DRM,20260709,5000,259.3562815000005,726.6197509765625,726.6773681640625,726.5621337890625,0.038829706132861116,726.0887451171875,0.002,cuda
DRM,20260709,5500,284.9874224999985,706.9792175292969,707.47900390625,706.4794311523438,0.010750136919535816,706.7467041015625,0.002,cuda
DRM,20260709,6000,310.7473747999975,702.6476440429688,702.4996948242188,702.7955932617188,0.0045573968985722505,700.9080810546875,0.002,cuda
DRM,20260709,6500,337.0052154999976,707.601318359375,707.5709838867188,707.6316528320312,0.011639538593006035,710.842529296875,0.002,cuda
DRM,20260709,7000,363.5659515999978,708.5345458984375,709.0245361328125,708.0445556640625,0.01297375017871706,707.9825439453125,0.002,cuda
DRM,20260709,7500,393.15060509999967,702.0838623046875,702.10302734375,702.064697265625,0.003751372541658402,698.8763427734375,0.002,cuda
DRM,20260709,8000,421.2272520999977,707.0623779296875,706.8009643554688,707.3237915039062,0.010869029220747803,707.5382690429688,0.002,cuda
DRM,20260709,8500,447.1798342999973,708.6597900390625,708.97900390625,708.340576171875,0.013152808528872652,713.1592407226562,0.002,cuda
DRM,20260709,9000,472.8182808999991,706.0508117675781,706.2060546875,705.8955688476562,0.009422818905784973,712.039794921875,0.002,cuda
DRM,20260709,9500,498.78361009999935,710.8744201660156,711.5468139648438,710.2020263671875,0.01631900867810298,709.9555053710938,0.002,cuda
DRM,20260709,10000,524.4427857999981,703.7164611816406,703.8458251953125,703.5870971679688,0.0060854574730116635,696.8770751953125,0.002,cuda
DRM,20260709,10500,550.2638205000003,702.4343872070312,702.4815673828125,702.38720703125,0.004252509045042209,702.1296997070312,0.002,cuda
DRM,20260709,11000,576.7464345000008,704.9769592285156,704.9473266601562,705.006591796875,0.00788755934796942,704.0189208984375,0.002,cuda
DRM,20260709,11500,602.7123227999982,704.9434509277344,704.7588500976562,705.1280517578125,0.00783965338586639,705.8012084960938,0.002,cuda
DRM,20260709,12000,628.7887341999995,701.9790649414062,702.0989379882812,701.8591918945312,0.0036015464270301592,705.5440063476562,0.002,cuda
DRM,20260709,12500,653.3205909999997,713.9849853515625,713.9078369140625,714.0621337890625,0.020766104305858627,708.52685546875,0.002,cuda
DRM,20260709,13000,674.7366755999974,705.6986694335938,706.1995849609375,705.19775390625,0.008919370001680344,709.5311889648438,0.002,cuda
DRM,20260709,13500,695.9275237000002,701.9760131835938,701.9689331054688,701.9830932617188,0.0035971834068021964,703.1309814453125,0.002,cuda
DRM,20260709,14000,717.5803309000003,701.2933044433594,701.2865600585938,701.300048828125,0.0026211321516046372,697.8427734375,0.002,cuda
DRM,20260709,14500,736.9077442999987,702.0670471191406,701.7659301757812,702.3681640625,0.003727332300202327,701.4818115234375,0.002,cuda
DRM,20260709,15000,756.05003079999,702.3069152832031,702.0675659179688,702.5462646484375,0.004070265690120203,699.970947265625,0.002,cuda
DRM,20260709,15500,775.1522250999988,703.5823364257812,703.658447265625,703.5062255859375,0.005893702733992698,706.5601806640625,0.002,cuda
DRM,20260709,16000,794.1814017000142,702.6929321289062,702.557373046875,702.8284912109375,0.004622144118755218,705.3265991210938,0.002,cuda
DRM,20260709,16500,812.3588520000048,705.4656372070312,705.1655883789062,705.7656860351562,0.008586209777073105,701.1643676757812,0.002,cuda
DRM,20260709,17000,829.3730859000061,705.2905883789062,705.5171508789062,705.0640258789062,0.008335946936797158,709.5775756835938,0.002,cuda
DRM,20260709,17500,846.6750916000165,701.6112365722656,701.6259765625,701.5964965820312,0.0030756715989538022,703.2208862304688,0.002,cuda
DRM,20260709,18000,863.9330748000066,706.7971801757812,706.5015258789062,707.0928344726562,0.010489882762937835,701.0905151367188,0.002,cuda
DRM,20260709,18500,881.4788639000035,701.5166931152344,701.3963623046875,701.6370239257812,0.0029405052322915145,696.5686645507812,0.002,cuda
DRM,20260709,19000,898.8721577000106,713.1813354492188,713.7471313476562,712.6155395507812,0.019617146559026903,715.2865600585938,0.002,cuda
DRM,20260709,19500,916.2505211000098,704.7042541503906,704.5335693359375,704.8749389648438,0.007497679860398664,703.9620361328125,0.002,cuda
DRM,20260709,20000,933.7918063999969,704.1646728515625,704.5968017578125,703.7325439453125,0.006726254253892561,703.5514526367188,0.002,cuda
DRM,20260709,20500,950.8399854000018,706.8761901855469,706.8806762695312,706.8717041015625,0.010602841356639792,698.9463500976562,0.002,cuda
DRM,20260709,21000,968.2628058000118,704.1368103027344,704.2853393554688,703.98828125,0.00668641987921126,697.8146362304688,0.002,cuda
DRM,20260709,21500,985.6131122999941,702.0493469238281,701.9734497070312,702.125244140625,0.0037020267828801424,702.3267822265625,0.002,cuda
DRM,20260709,22000,1003.053104599996,704.5777893066406,704.7896118164062,704.365966796875,0.007316876302151885,707.3933715820312,0.002,cuda
DRM,20260709,22500,1020.6044149000081,702.8771667480469,702.9113159179688,702.843017578125,0.004885539649917333,710.0745239257812,0.002,cuda
DRM,20260709,23000,1038.4562622999947,701.5569152832031,701.4462280273438,701.6676025390625,0.0029980098388960644,702.2063598632812,0.002,cuda
DRM,20260709,23500,1056.6855530000175,701.5302124023438,701.5257568359375,701.53466796875,0.0029598334119013896,703.9678344726562,0.002,cuda
DRM,20260709,24000,1074.0375365999935,702.5888366699219,702.2665405273438,702.9111328125,0.004473321498779407,698.0589599609375,0.002,cuda
DRM,20260709,24500,1091.4850286,702.6659240722656,702.713134765625,702.6187133789062,0.004583531389737747,698.4681396484375,0.002,cuda
DRM,20260709,25000,1108.894395500014,702.3467712402344,702.4227294921875,702.2708129882812,0.004127246734297397,704.9780883789062,0.002,cuda
DRM,20260709,25500,1126.7178580000182,702.0879821777344,701.9002075195312,702.2757568359375,0.0037572626189661517,701.2706909179688,0.002,cuda
DRM,20260709,26000,1144.3908102000132,705.7267456054688,705.5281982421875,705.92529296875,0.008959509787777601,699.3248901367188,0.002,cuda
DRM,20260709,26500,1161.8171309000172,701.3993530273438,701.2627563476562,701.5359497070312,0.0027727471045263445,704.3711547851562,0.002,cuda
DRM,20260709,27000,1179.5227142999938,703.5005493164062,703.4154663085938,703.5856323242188,0.005776773791883295,699.6421508789062,0.002,cuda
DRM,20260709,27500,1200.4634647000057,702.1740112304688,702.185791015625,702.1622314453125,0.003880256159192423,702.7936401367188,0.002,cuda
DRM,20260709,28000,1219.2364833000174,701.673828125,701.5098266601562,701.8378295898438,0.003165157143829319,703.9826049804688,0.002,cuda
DRM,20260709,28500,1237.6131995000178,701.6293640136719,701.3658447265625,701.8928833007812,0.003101587939107901,698.2100219726562,0.002,cuda
DRM,20260709,29000,1255.970646200003,702.2099609375,702.3021850585938,702.1177368164062,0.003931652537477825,702.3672485351562,0.002,cuda
DRM,20260709,29500,1274.3330340000102,702.1502380371094,702.265380859375,702.0350952148438,0.0038462682316165926,700.291748046875,0.002,cuda
DRM,20260709,30000,1292.575068200007,701.7369995117188,701.640869140625,701.8331298828125,0.0032554716625481494,697.6322021484375,0.002,cuda
DRM,20260709,30500,1310.7393431999953,703.0322265625,703.03759765625,703.02685546875,0.005107224707700123,699.4452514648438,0.002,cuda
DRM,20260709,31000,1328.9518862999976,702.1856384277344,702.3099975585938,702.061279296875,0.0038968792662609614,702.3312377929688,0.002,cuda
DRM,20260709,31500,1347.214615200006,709.0039978027344,709.437744140625,708.5702514648438,0.013644913580384579,704.6796875,0.002,cuda
DRM,20260709,32000,1365.462508800003,701.8717346191406,701.9750366210938,701.7684326171875,0.0034480990056127074,701.1671752929688,0.002,cuda
DRM,20260709,32500,1383.736724699993,703.7671813964844,703.7418823242188,703.79248046875,0.006157970869200405,693.49658203125,0.002,cuda
DRM,20260709,33000,1401.985998499993,701.3956604003906,701.3845825195312,701.40673828125,0.0027674678500505096,698.9788208007812,0.002,cuda
DRM,20260709,33500,1420.1906573000015,701.8943176269531,701.7900390625,701.9985961914062,0.003480385355299632,704.2974243164062,0.002,cuda
DRM,20260709,34000,1438.4775408999994,702.150390625,702.0791015625,702.2216796875,0.003846486382627991,704.1075439453125,0.002,cuda
DRM,20260709,34500,1456.7005212999939,705.7989501953125,706.113525390625,705.484375,0.009062738846371201,709.849853515625,0.002,cuda
DRM,20260709,35000,1475.0532535999955,703.2520446777344,702.971923828125,703.5321655273438,0.005421493054720283,700.8621215820312,0.002,cuda
DRM,20260709,35500,1493.4719243000145,706.2525634765625,706.3935546875,706.111572265625,0.009711258173055593,706.68994140625,0.002,cuda
DRM,20260709,36000,1511.7144551000092,702.1288452148438,701.804443359375,702.4532470703125,0.0038156834598185737,702.830322265625,0.002,cuda
DRM,20260709,36500,1529.8341282000183,701.7767333984375,701.6571655273438,701.8963012695312,0.0033122781859162252,700.2974243164062,0.002,cuda
DRM,20260709,37000,1548.1205614999926,709.1980895996094,709.5726318359375,708.8235473632812,0.013922401666883012,712.5841064453125,0.002,cuda
DRM,20260709,37500,1566.3253232999996,701.7210693359375,701.430419921875,702.01171875,0.0032326966969581836,696.322998046875,0.002,cuda
DRM,20260709,38000,1584.5966917999904,701.2947387695312,701.108642578125,701.4808349609375,0.00262318277111178,701.52392578125,0.0004,cuda
DRM,20260709,38500,1602.8156270000036,700.7942810058594,700.6531982421875,700.9353637695312,0.0019076910839281593,701.9435424804688,0.0004,cuda
DRM,20260709,39000,1621.0012734000047,701.3038330078125,701.4036865234375,701.2039794921875,0.0026361845713911087,705.5405883789062,0.0004,cuda
DRM,20260709,39500,1639.2760806000151,700.9002075195312,700.8840942382812,700.9163208007812,0.0020591315160407484,698.255859375,0.0004,cuda
DRM,20260709,40000,1657.4680145000166,700.857666015625,700.7613525390625,700.9539794921875,0.001998311014062947,702.2446899414062,0.0004,cuda
DRM,20260709,40500,1677.1601235000126,700.9033203125,700.92138671875,700.88525390625,0.0020635817966732704,700.9354858398438,0.0004,cuda
DRM,20260709,41000,1695.191512099991,700.8214111328125,700.6265869140625,701.0162353515625,0.0019464783337547486,698.1499633789062,0.0004,cuda
DRM,20260709,41500,1713.226512299996,700.87939453125,700.7527465820312,701.0060424804688,0.002029375718086042,700.3938598632812,0.0004,cuda
DRM,20260709,42000,1731.1805304000154,700.6829528808594,700.5425415039062,700.8233642578125,0.0017485281060120763,694.2317504882812,0.0004,cuda
DRM,20260709,42500,1749.2813293999934,700.7936706542969,700.6388549804688,700.948486328125,0.0019068184798825669,694.29541015625,0.0004,cuda
DRM,20260709,43000,1767.3282898000034,700.8076171875,700.6273193359375,700.9879150390625,0.0019267574823243567,693.0448608398438,0.0004,cuda
DRM,20260709,43500,1785.2882704999938,700.8172607421875,700.63427734375,701.000244140625,0.0019405446262447193,697.7115478515625,0.0004,cuda
DRM,20260709,44000,1803.2753591999935,700.8041381835938,700.66845703125,700.9398193359375,0.0019217836392644793,699.04833984375,0.0004,cuda
DRM,20260709,44500,1821.3220191000146,700.8226928710938,700.706298828125,700.9390869140625,0.001948310802250493,705.3295288085938,0.0004,cuda
DRM,20260709,45000,1839.341060000006,700.8580932617188,700.7174072265625,700.998779296875,0.0019989218368948614,697.5851440429688,0.0004,cuda
DRM,20260709,45500,1857.2197692999907,700.9631652832031,700.8213500976562,701.10498046875,0.002149140623343621,700.0266723632812,0.0004,cuda
DRM,20260709,46000,1875.270239800011,700.6515502929688,700.5626831054688,700.7404174804688,0.001703632627866339,700.287109375,0.0004,cuda
DRM,20260709,46500,1893.2776662000106,700.9684448242188,700.8316040039062,701.1052856445312,0.0021566886483379965,704.8609008789062,0.0004,cuda
DRM,20260709,47000,1911.1530514000042,701.2111511230469,701.0000610351562,701.4222412109375,0.0025036796470678784,699.8255615234375,0.0004,cuda
DRM,20260709,47500,1929.019175399997,700.7671813964844,700.6372680664062,700.8970947265625,0.0018689474643038496,698.8660888671875,0.0004,cuda
DRM,20260709,48000,1946.8287221000064,700.9002380371094,700.763671875,701.0368041992188,0.002059175146243028,697.695068359375,0.0004,cuda
DRM,20260709,48500,1964.641499499994,700.7049255371094,700.4915771484375,700.9182739257812,0.0017799418516534085,699.5819702148438,0.0004,cuda
DRM,20260709,49000,1982.4522045000049,700.8739624023438,700.7283935546875,701.01953125,0.002021609542080268,703.9735717773438,0.0004,cuda
DRM,20260709,49500,2000.4017680000106,700.9945373535156,700.962646484375,701.0264282226562,0.0021939924712870785,693.2786254882812,0.0004,cuda
DRM,20260709,50000,2018.308031099994,700.896240234375,700.6929931640625,701.0994873046875,0.0020534595897443966,700.490966796875,0.0004,cuda
DRM,20260709,50500,2036.4924573000171,700.65380859375,700.5418701171875,700.7657470703125,0.0017068612628350316,705.5836181640625,0.0004,cuda
DRM,20260709,51000,2056.221124500007,700.6547546386719,700.4807739257812,700.8287353515625,0.0017082137991056999,700.267333984375,8e-05,cuda
DRM,20260709,51500,2074.22335819999,700.6376647949219,700.5496826171875,700.7256469726562,0.0016837808858291082,698.5922241210938,8e-05,cuda
DRM,20260709,52000,2091.8347267000063,700.6056213378906,700.4898071289062,700.721435546875,0.0016379691734354988,705.6669311523438,8e-05,cuda
DRM,20260709,52500,2109.467400900001,700.6792297363281,700.4985961914062,700.85986328125,0.0017432052213339616,696.2825317382812,8e-05,cuda
DRM,20260709,53000,2126.7024661999894,700.6017150878906,700.4615478515625,700.7418823242188,0.0016323845075437065,698.2576293945312,8e-05,cuda
DRM,20260709,53500,2144.28661000001,700.6110229492188,700.4571533203125,700.764892578125,0.001645691719238993,693.5883178710938,8e-05,cuda
DRM,20260709,54000,2161.7539124000177,700.61181640625,700.4692993164062,700.7543334960938,0.0016468261044982632,692.3931274414062,8e-05,cuda
DRM,20260709,54500,2178.6303495000175,700.6474304199219,700.566650390625,700.7282104492188,0.0016977425505585893,700.5187377929688,8e-05,cuda
DRM,20260709,55000,2195.9766795999894,700.7605895996094,700.6393432617188,700.8818359375,0.00185952334061145,710.5928955078125,8e-05,cuda
DRM,20260709,55500,2213.3826312000165,700.6454467773438,700.5830688476562,700.7078247070312,0.0016949065874104134,694.2913208007812,8e-05,cuda
DRM,20260709,56000,2230.912461300002,700.7272033691406,700.5529174804688,700.9014892578125,0.001811791899317537,702.0021362304688,8e-05,cuda
DRM,20260709,56500,2248.1004358000064,700.6348266601562,700.4896240234375,700.780029296875,0.0016797232770171028,698.8171997070312,8e-05,cuda
DRM,20260709,57000,2265.5432182000077,700.61328125,700.5451049804688,700.6814575195312,0.0016489203542076854,696.2133178710938,8e-05,cuda
DRM,20260709,57500,2282.912342900003,700.6279296875,700.4625854492188,700.7932739257812,0.0016698628513019068,701.3729248046875,8e-05,cuda
DRM,20260709,58000,2301.185417700006,700.6899719238281,700.5463256835938,700.8336181640625,0.0017585630525363907,699.9312744140625,8e-05,cuda
DRM,20260709,58500,2318.7050985000096,700.6139526367188,700.5076904296875,700.72021484375,0.0016498802186578373,706.5194091796875,8e-05,cuda
DRM,20260709,59000,2336.2628689999983,700.6318969726562,700.4900512695312,700.7737426757812,0.0016755347775982586,695.5506591796875,8e-05,cuda
DRM,20260709,59500,2353.8442002999946,700.5902404785156,700.4993286132812,700.68115234375,0.0016159795514865663,703.1223754882812,8e-05,cuda
DRM,20260709,60000,2371.4611524000065,700.6671752929688,700.5240478515625,700.810302734375,0.0017259712914335086,694.773193359375,8e-05,cuda
DRM,20260709,60500,2389.0433806999936,700.5987243652344,700.4719848632812,700.7254638671875,0.0016281087477203028,696.2418823242188,8e-05,cuda
DRM,20260709,61000,2406.5801382999925,700.8526611328125,700.6869506835938,701.0183715820312,0.001991155660889088,700.3119506835938,8e-05,cuda
DRM,20260709,61500,2424.2310279000085,700.6128845214844,700.5108032226562,700.7149658203125,0.0016483531615780502,698.9070434570312,8e-05,cuda
DRM,20260709,62000,2441.823024100013,700.6185607910156,700.4776611328125,700.7594604492188,0.0016564683792020612,702.2337036132812,1.6000000000000003e-05,cuda
DRM,20260709,62500,2459.426576900005,700.6323547363281,700.4853515625,700.7793579101562,0.001676189230632453,700.5592651367188,1.6000000000000003e-05,cuda
DRM,20260709,63000,2477.076187300001,700.6030578613281,700.467041015625,700.7390747070312,0.00163430423644401,700.33447265625,1.6000000000000003e-05,cuda
DRM,20260709,63500,2494.654998999991,700.5909118652344,700.465087890625,700.7167358398438,0.001616939415936718,697.4385986328125,1.6000000000000003e-05,cuda
DRM,20260709,64000,2512.2266581000003,700.6160278320312,700.4617309570312,700.7703247070312,0.001652847072412852,692.1798706054688,1.6000000000000003e-05,cuda
DRM,20260709,64500,2529.746596700017,700.6249694824219,700.470458984375,700.7794799804688,0.001665630721680783,697.4179077148438,1.6000000000000003e-05,cuda
DRM,20260709,65000,2547.406578199996,700.5809631347656,700.4443359375,700.7175903320312,0.0016027159699935594,692.573486328125,1.6000000000000003e-05,cuda
DRM,20260709,65500,2565.0089176000038,700.5945129394531,700.4554443359375,700.7335815429688,0.0016220877798057143,694.15283203125,1.6000000000000003e-05,cuda
DRM,20260709,66000,2582.5670901999983,700.6130065917969,700.454833984375,700.7711791992188,0.0016485276823871688,695.0782470703125,1.6000000000000003e-05,cuda
DRM,20260709,66500,2600.156844300014,700.5871887207031,700.4471435546875,700.7272338867188,0.0016116165312586035,704.6874389648438,3.2000000000000007e-06,cuda
DRM,20260709,67000,2617.7882234000135,700.5900573730469,700.447021484375,700.7330932617188,0.0016157177702728885,705.8806762695312,3.2000000000000007e-06,cuda
DRM,20260709,67500,2635.31407339999,700.5899963378906,700.4564208984375,700.7235717773438,0.0016156305098683293,701.5486450195312,3.2000000000000007e-06,cuda
DRM,20260709,68000,2652.9403886999935,700.5890197753906,700.4485473632812,700.7294921875,0.0016142343433953811,696.456787109375,3.2000000000000007e-06,cuda
DRM,20260709,68500,2670.425486299995,700.5921020507812,700.4534301757812,700.7307739257812,0.0016186409938256235,702.927001953125,3.2000000000000007e-06,cuda
DRM,20260709,69000,2687.9941254000005,700.5735473632812,700.447998046875,700.6990966796875,0.0015921138308396098,708.2299194335938,3.2000000000000007e-06,cuda
DRM,20260709,69500,2705.5569250000117,700.590576171875,700.4490966796875,700.7320556640625,0.0016164594837116421,697.5308837890625,3.2000000000000007e-06,cuda
DRM,20260709,70000,2723.1025856999913,700.5801696777344,700.442626953125,700.7177124023438,0.001601581584734289,699.9722900390625,3.2000000000000007e-06,cuda
DRM,20260709,70500,2740.769051100011,700.5879821777344,700.4483032226562,700.7276611328125,0.0016127509165178738,696.05517578125,3.2000000000000007e-06,cuda
DRM,20260710,1,0.370639900007518,810.644775390625,811.0984497070312,810.1911010742188,0.15895813823583396,813.8970336914062,0.002,cuda
DRM,20260710,500,17.40770139999222,750.2963256835938,751.2601318359375,749.33251953125,0.07267950048827405,749.183349609375,0.002,cuda
DRM,20260710,1000,34.59296499998891,716.51171875,717.5021362304688,715.5213012695312,0.024378510533802713,713.920166015625,0.002,cuda
DRM,20260710,1500,51.777069100004155,711.5963745117188,712.2413940429688,710.9513549804688,0.017351168373432143,711.1048583984375,0.002,cuda
DRM,20260710,2000,69.19744899999932,708.6691589355469,709.4427490234375,707.8955688476562,0.0131662030009725,717.7283325195312,0.002,cuda
DRM,20260710,2500,86.2848168000055,707.9851684570312,708.802490234375,707.1678466796875,0.012188319277279196,706.2437744140625,0.002,cuda
DRM,20260710,3000,103.45449010000448,709.0341491699219,709.998291015625,708.0700073242188,0.01368802022023685,709.8814086914062,0.002,cuda
DRM,20260710,3500,120.746261399996,704.2592468261719,704.7877807617188,703.730712890625,0.006861464250757128,703.5377197265625,0.002,cuda
DRM,20260710,4000,137.9682002000045,705.5315856933594,706.2228393554688,704.84033203125,0.00868049464419938,703.2179565429688,0.002,cuda
DRM,20260710,4500,155.12520219999715,714.5136413574219,714.9390258789062,714.0882568359375,0.021521910299948627,710.8533935546875,0.002,cuda
DRM,20260710,5000,172.23225430000457,704.3081359863281,704.602294921875,704.0139770507812,0.006931359834809092,703.1896362304688,0.002,cuda
DRM,20260710,5500,189.45614739999291,706.6529541015625,706.9746704101562,706.3312377929688,0.010283686426964313,702.7478637695312,0.002,cuda
DRM,20260710,6000,206.6139780000085,707.1238098144531,707.9148559570312,706.332763671875,0.010956856817936693,703.69482421875,0.002,cuda
DRM,20260710,6500,223.83887410000898,704.6782531738281,705.3681030273438,703.9884033203125,0.007460506928056421,708.640625,0.002,cuda
DRM,20260710,7000,240.93002400000114,702.9883728027344,703.6376342773438,702.339111328125,0.005044528107024298,699.5230102539062,0.002,cuda
DRM,20260710,7500,258.16461989999516,702.5677795410156,703.1433715820312,701.9921875,0.0044432166592064636,707.5260009765625,0.002,cuda
DRM,20260710,8000,275.4861593999958,709.2481689453125,709.5198364257812,708.9765014648438,0.013993998828823882,703.4564208984375,0.002,cuda
DRM,20260710,8500,292.6725749000034,704.0622863769531,704.7477416992188,703.3768310546875,0.006579874925244408,699.5255126953125,0.002,cuda
DRM,20260710,9000,309.9653428999882,705.4693908691406,706.1201171875,704.8186645507812,0.008591576291953498,710.0050048828125,0.002,cuda
DRM,20260710,9500,327.14236040000105,704.8091125488281,704.990478515625,704.6277465820312,0.007647593235431466,702.82470703125,0.002,cuda
DRM,20260710,10000,344.35918319999473,702.3834838867188,702.99365234375,701.7733154296875,0.00417973386763979,708.746337890625,0.002,cuda
DRM,20260710,10500,361.59616459999233,710.3348999023438,710.6231079101562,710.0466918945312,0.015547670332001436,711.0613403320312,0.002,cuda
DRM,20260710,11000,378.7433286999876,710.1616821289062,711.0701293945312,709.2532348632812,0.015300025303862267,706.9226684570312,0.002,cuda
DRM,20260710,11500,396.03369529999327,709.4908142089844,709.6602172851562,709.3214111328125,0.014340902567149205,707.802734375,0.002,cuda
DRM,20260710,12000,413.2734868999978,702.9145202636719,703.6414184570312,702.1876220703125,0.004938943017507597,695.0070190429688,0.002,cuda
DRM,20260710,12500,430.4197275000042,702.4313049316406,703.089111328125,701.7734985351562,0.004248102394611967,702.4848022460938,0.002,cuda
DRM,20260710,13000,447.61979530000826,701.7937927246094,702.5021362304688,701.08544921875,0.003336667468990537,697.0657958984375,0.002,cuda
DRM,20260710,13500,464.8215521000093,704.3320007324219,704.8615112304688,703.802490234375,0.006965478652991761,699.7920532226562,0.002,cuda
DRM,20260710,14000,482.0490446999902,702.408447265625,702.8658447265625,701.9510498046875,0.004215423373104526,697.4085693359375,0.002,cuda
DRM,20260710,14500,499.20012960000895,702.5333862304688,703.2683715820312,701.7984008789062,0.004394045421237323,700.5863647460938,0.002,cuda
DRM,20260710,15000,516.4900903000089,705.816162109375,706.5897827148438,705.0425415039062,0.009087346280456913,705.8994140625,0.002,cuda
DRM,20260710,15500,533.7778386999853,707.3980102539062,708.1690063476562,706.6270141601562,0.011348874185419152,714.94873046875,0.002,cuda
DRM,20260710,16000,551.0103452999901,705.4330444335938,706.2523803710938,704.6137084960938,0.008539612721038462,701.826416015625,0.002,cuda
DRM,20260710,16500,568.154246399994,702.0085754394531,702.5608520507812,701.456298828125,0.0036437368326345592,697.1696166992188,0.002,cuda
DRM,20260710,17000,585.355448199989,705.1807250976562,705.9483032226562,704.4131469726562,0.008178878208590496,697.5933227539062,0.002,cuda
DRM,20260710,17500,602.5409675999836,704.8253173828125,705.4973754882812,704.1532592773438,0.0076707608728419484,708.0880126953125,0.002,cuda
DRM,20260710,18000,619.7170528999995,702.6120300292969,703.2335815429688,701.990478515625,0.004506480452511924,710.0205078125,0.002,cuda
DRM,20260710,18500,636.915465500002,706.0387573242188,706.1619262695312,705.9155883789062,0.009405584975884519,701.967041015625,0.002,cuda
DRM,20260710,19000,654.1450158999942,704.6425170898438,705.2950439453125,703.989990234375,0.007409415961186976,705.894287109375,0.002,cuda
DRM,20260710,19500,671.337323099986,703.5949401855469,704.2022705078125,702.9876098632812,0.0059117220075341845,706.8622436523438,0.002,cuda
DRM,20260710,20000,688.5966309999931,704.2575378417969,704.8345947265625,703.6804809570312,0.0068590209594294686,696.4158325195312,0.002,cuda
DRM,20260710,20500,705.7613003999868,701.5625,702.0903930664062,701.0346069335938,0.0030059941659132364,695.8718872070312,0.002,cuda
DRM,20260710,21000,722.9270620000025,703.6445007324219,704.089599609375,703.1994018554688,0.0059825774560363,707.9728393554688,0.002,cuda
DRM,20260710,21500,740.148340499989,701.5403747558594,702.0360717773438,701.044677734375,0.0029743622692605057,706.78515625,0.002,cuda
DRM,20260710,22000,757.4057146999985,704.4225769042969,704.9889526367188,703.856201171875,0.007094973093357697,700.0011596679688,0.002,cuda
DRM,20260710,22500,774.6920746999967,701.4409484863281,702.0238647460938,700.8580322265625,0.002832215070233478,694.4447021484375,0.002,cuda
DRM,20260710,23000,791.8358346000023,701.9696655273438,702.4937133789062,701.4456176757812,0.0035881083247280335,698.6036376953125,0.002,cuda
DRM,20260710,23500,808.9590312000073,704.3648986816406,704.7779541015625,703.9518432617188,0.0070125120110492,701.0598754882812,0.002,cuda
DRM,20260710,24000,826.1643874000001,701.6130676269531,702.211669921875,701.0144653320312,0.0030782894110905797,704.52880859375,0.002,cuda
DRM,20260710,24500,843.4228920000023,702.0022277832031,702.5768432617188,701.4276123046875,0.003634661750560397,702.00537109375,0.002,cuda
DRM,20260710,25000,860.737827999983,702.7481384277344,703.4514770507812,702.0447998046875,0.004701071154679066,704.7059326171875,0.002,cuda
DRM,20260710,25500,877.9890927000088,702.0835571289062,702.7109985351562,701.4561157226562,0.0037509362396356055,700.4348754882812,0.002,cuda
DRM,20260710,26000,895.0475386999897,702.1385498046875,702.5298461914062,701.7472534179688,0.0038295578641434954,700.1292724609375,0.002,cuda
DRM,20260710,26500,912.1811068999814,704.8843994140625,705.6637573242188,704.1050415039062,0.0077552289444553085,705.805419921875,0.002,cuda
DRM,20260710,27000,929.3109190999821,702.2420654296875,702.6598510742188,701.8242797851562,0.0039775515102759935,700.1262817382812,0.002,cuda
DRM,20260710,27500,946.5860105000029,706.0167236328125,706.3093872070312,705.7240600585938,0.009374083969838628,699.2943725585938,0.002,cuda
DRM,20260710,28000,963.8339233000006,702.2708129882812,702.6736450195312,701.8679809570312,0.004018651160823403,702.9712524414062,0.002,cuda
DRM,20260710,28500,981.1132150999911,705.2216491699219,705.3827514648438,705.060546875,0.008237386309847479,702.3794555664062,0.002,cuda
DRM,20260710,29000,998.368802699988,702.1289978027344,702.526123046875,701.7318725585938,0.0038159016108299717,701.234375,0.002,cuda
DRM,20260710,29500,1015.6495323999843,701.4571533203125,701.957763671875,700.95654296875,0.00285538270764396,698.8726196289062,0.002,cuda
DRM,20260710,30000,1032.9210267000017,703.5668640136719,704.277099609375,702.8566284179688,0.005871582221436926,705.8435668945312,0.002,cuda
DRM,20260710,30500,1050.198890700005,704.3269653320312,705.1021728515625,703.5517578125,0.006958279669615622,699.6508178710938,0.002,cuda
DRM,20260710,31000,1067.4158071999846,702.0744934082031,702.553955078125,701.5950317382812,0.003737978069558556,696.966796875,0.002,cuda
DRM,20260710,31500,1084.6615505999944,701.7240600585938,702.344970703125,701.1031494140625,0.0032369724567815872,696.9553833007812,0.002,cuda
DRM,20260710,32000,1101.971586700005,703.5013732910156,704.1019897460938,702.9007568359375,0.0057779518073448445,706.5391845703125,0.002,cuda
DRM,20260710,32500,1119.081968899991,705.5064392089844,705.8399658203125,705.1729125976562,0.008644543357520967,708.18505859375,0.002,cuda
DRM,20260710,33000,1136.2233454000088,701.8355712890625,702.443115234375,701.22802734375,0.003396397215911348,698.880615234375,0.002,cuda
DRM,20260710,33500,1153.4719275999814,703.3934631347656,703.5873413085938,703.1995849609375,0.00562367541208408,696.4603881835938,0.002,cuda
DRM,20260710,34000,1170.7276395999943,704.7971496582031,705.1696166992188,704.4246826171875,0.007630490196137852,702.60888671875,0.002,cuda
DRM,20260710,34500,1187.9744745999924,704.8569946289062,705.5755004882812,704.1384887695312,0.007716049022808202,701.5848388671875,0.002,cuda
DRM,20260710,35000,1205.1888727000041,707.6570739746094,708.2003173828125,707.1138305664062,0.011719250972570915,710.467041015625,0.002,cuda
DRM,20260710,35500,1222.4539128000033,701.9341735839844,702.476318359375,701.3920288085938,0.0035373663994768263,698.6950073242188,0.002,cuda
DRM,20260710,36000,1239.6106381999853,702.0625305175781,702.502197265625,701.6228637695312,0.003720875030264942,700.3856811523438,0.002,cuda
DRM,20260710,36500,1256.9166373999906,701.3641052246094,701.8073120117188,700.9208984375,0.002722354220893374,698.86767578125,0.0004,cuda
DRM,20260710,37000,1274.280823899986,701.9150390625,702.5574951171875,701.2725830078125,0.0035100102626474993,705.3589477539062,0.0004,cuda
DRM,20260710,37500,1291.3284005000023,701.1552734375,701.6973876953125,700.6131591796875,0.0024237927466938796,695.6367797851562,0.0004,cuda
DRM,20260710,38000,1308.7031299000082,701.5125732421875,701.967041015625,701.05810546875,0.0029346151549837648,705.5014038085938,0.0004,cuda
DRM,20260710,38500,1325.8041578999837,701.1071472167969,701.5609130859375,700.6533813476562,0.0023549879176989062,698.4469604492188,0.0004,cuda
DRM,20260710,39000,1342.9691520000051,701.3966979980469,701.828369140625,700.9650268554688,0.002768951276928017,703.6717529296875,0.0004,cuda
DRM,20260710,39500,1360.2119805999973,701.1045227050781,701.5551147460938,700.6539306640625,0.0023512357203028583,696.6128540039062,0.0004,cuda
DRM,20260710,40000,1377.5940214000002,701.1311645507812,701.60009765625,700.6622314453125,0.0023893248868929735,699.178466796875,0.0004,cuda
DRM,20260710,40500,1394.821303100005,701.3609924316406,701.8123779296875,700.9096069335938,0.002717903940260852,699.580810546875,0.0004,cuda
DRM,20260710,41000,1411.9859056999849,702.4048767089844,703.0414428710938,701.768310546875,0.004210318639437809,711.33837890625,0.0004,cuda
DRM,20260710,41500,1429.238144700008,701.5189514160156,702.0748291015625,700.9630737304688,0.002943733867260207,698.847412109375,0.0004,cuda
DRM,20260710,42000,1446.4588857000053,701.021484375,701.51123046875,700.53173828125,0.00223251793989999,699.981201171875,0.0004,cuda
DRM,20260710,42500,1463.646808199992,701.5772399902344,702.0918579101562,701.0626220703125,0.0030270675536142964,697.4505004882812,0.0004,cuda
DRM,20260710,43000,1480.9138633999974,701.1567687988281,701.7284545898438,700.5850830078125,0.0024259306266055814,699.2922973632812,0.0004,cuda
DRM,20260710,43500,1498.1390906999877,701.2688598632812,701.7588500976562,700.7788696289062,0.002586184359578655,702.0258178710938,0.0004,cuda
DRM,20260710,44000,1515.3002793999913,701.3866271972656,701.9675903320312,700.8056640625,0.0027545533101757396,701.9259033203125,0.0004,cuda
DRM,20260710,44500,1532.5007085999823,701.183349609375,701.7390747070312,700.6276245117188,0.0024639325327911374,691.516845703125,0.0004,cuda
DRM,20260710,45000,1549.6731405000028,701.32275390625,701.7645874023438,700.8809204101562,0.0026632352968044785,705.66357421875,0.0004,cuda
DRM,20260710,45500,1566.8381900999811,701.1131896972656,701.636474609375,700.5899047851562,0.0023636266977502727,700.66064453125,0.0004,cuda
DRM,20260710,46000,1584.1178168999904,702.932861328125,703.5339965820312,702.3317260742188,0.004965164769077654,704.2055053710938,0.0004,cuda
DRM,20260710,46500,1601.2777247999911,701.2284851074219,701.66064453125,700.7963256835938,0.002528461601962707,698.5592041015625,0.0004,cuda
DRM,20260710,47000,1618.5052119999891,701.0869140625,701.5333862304688,700.6404418945312,0.0023260610935875127,696.7861938476562,8e-05,cuda
DRM,20260710,47500,1635.7068587999966,701.02783203125,701.5301513671875,700.5255126953125,0.002241593021974153,700.1591186523438,8e-05,cuda
DRM,20260710,48000,1653.0554876000097,700.966064453125,701.4761352539062,700.4559936523438,0.002153285492560186,695.6925659179688,8e-05,cuda
DRM,20260710,48500,1671.117302700004,700.9491577148438,701.4616088867188,700.4367065429688,0.002129114360497272,694.5440673828125,8e-05,cuda
DRM,20260710,49000,1688.6966700000048,700.9577941894531,701.4522094726562,700.46337890625,0.0021414617077424062,698.6542358398438,8e-05,cuda
DRM,20260710,49500,1705.8351820000098,700.9424743652344,701.4418334960938,700.443115234375,0.0021195593461980334,697.7988891601562,8e-05,cuda
DRM,20260710,50000,1723.169922800007,701.2410278320312,701.7921752929688,700.6898803710938,0.0025463936150996345,699.6953735351562,8e-05,cuda
DRM,20260710,50500,1740.3239936000027,701.0162658691406,701.525634765625,700.5068969726562,0.002225057175310174,691.027587890625,8e-05,cuda
DRM,20260710,51000,1757.6047831999895,701.0121154785156,701.5416259765625,700.4826049804688,0.0022191234678001445,695.3119506835938,8e-05,cuda
DRM,20260710,51500,1774.7727925000072,700.9900817871094,701.4447631835938,700.535400390625,0.002187622461754253,695.7479248046875,8e-05,cuda
DRM,20260710,52000,1791.8934112999996,701.0242919921875,701.5656127929688,700.4829711914062,0.002236531918509716,701.1258544921875,8e-05,cuda
DRM,20260710,52500,1809.0380014999828,700.9879760742188,701.4714965820312,700.5044555664062,0.002184611977796959,697.1362915039062,8e-05,cuda
DRM,20260710,53000,1826.1999756000005,700.9677124023438,701.4763793945312,700.4590454101562,0.0021556415234832856,698.4873657226562,8e-05,cuda
DRM,20260710,53500,1843.4658341000031,701.0318603515625,701.479736328125,700.583984375,0.0022473522086750635,700.9080810546875,8e-05,cuda
DRM,20260710,54000,1860.7328221999924,701.0968627929688,701.6641235351562,700.5296020507812,0.0023402845395306716,700.4765014648438,8e-05,cuda
DRM,20260710,54500,1877.9574383999861,700.9476623535156,701.4408569335938,700.4544677734375,0.00212697648058557,694.144775390625,1.6000000000000003e-05,cuda
DRM,20260710,55000,1895.0859919000068,700.96240234375,701.4380493164062,700.4867553710938,0.0021480498682866305,697.7154541015625,1.6000000000000003e-05,cuda
DRM,20260710,55500,1912.3113335999951,700.9453735351562,701.4435424804688,700.4472045898438,0.0021237042154145977,700.1920166015625,1.6000000000000003e-05,cuda
DRM,20260710,56000,1929.556862700003,700.956787109375,701.4578857421875,700.4556884765625,0.002140021911067179,699.360595703125,1.6000000000000003e-05,cuda
DRM,20260710,56500,1946.7868530999986,700.955322265625,701.4527587890625,700.4578857421875,0.0021379276613577567,699.458984375,1.6000000000000003e-05,cuda
DRM,20260710,57000,1963.9957487999927,700.9635314941406,701.4655151367188,700.4615478515625,0.0021496641857709766,705.0779418945312,1.6000000000000003e-05,cuda
DRM,20260710,57500,1981.074354899989,700.9464721679688,701.4542236328125,700.438720703125,0.0021252749026966643,702.1608276367188,1.6000000000000003e-05,cuda
DRM,20260710,58000,1998.2532225000032,700.9707641601562,701.4833374023438,700.4581909179688,0.0021600045437112484,703.16064453125,1.6000000000000003e-05,cuda
DRM,20260710,58500,2015.537196099991,700.9402465820312,701.4186401367188,700.4618530273438,0.0021163743414316202,699.6497192382812,1.6000000000000003e-05,cuda
DRM,20260710,59000,2032.6727745000098,701.0137939453125,701.5349731445312,700.4926147460938,0.002221523128925524,696.0909423828125,1.6000000000000003e-05,cuda
DRM,20260710,59500,2049.773602000001,700.9889221191406,701.5059204101562,700.471923828125,0.002185964514067627,694.2584838867188,1.6000000000000003e-05,cuda
DRM,20260710,60000,2067.0492431999883,700.9593200683594,701.4426879882812,700.4759521484375,0.0021436432178563876,696.9288940429688,1.6000000000000003e-05,cuda
DRM,20260710,60500,2084.3036492999818,700.9464721679688,701.417724609375,700.4752197265625,0.0021252749026966643,701.03125,1.6000000000000003e-05,cuda
DRM,20260710,61000,2101.5142395999865,700.9538269042969,701.4469604492188,700.460693359375,0.002135789781446055,701.676513671875,1.6000000000000003e-05,cuda
DRM,20260710,61500,2118.7263699999894,700.9839172363281,701.5007934570312,700.467041015625,0.0021788091608937682,698.0415649414062,1.6000000000000003e-05,cuda
DRM,20260710,62000,2135.951521299983,700.9544067382812,701.4591674804688,700.4496459960938,0.002136618755289368,701.659912109375,1.6000000000000003e-05,cuda
DRM,20260710,62500,2153.220056499995,700.9594116210938,701.45166015625,700.4671630859375,0.002143774108463227,693.7255249023438,1.6000000000000003e-05,cuda
DRM,20260710,63000,2170.245858499984,700.9568481445312,701.4464721679688,700.4672241210938,0.002140109171471738,697.6072998046875,1.6000000000000003e-05,cuda
DRM,20260710,63500,2187.405021099985,700.9644775390625,701.4620971679688,700.4668579101562,0.002151016722041645,704.4382934570312,3.2000000000000007e-06,cuda
DRM,20260710,64000,2204.674366899999,700.9672241210938,701.462646484375,700.4718017578125,0.0021549434402468115,700.459228515625,3.2000000000000007e-06,cuda
DRM,20260710,64500,2222.201134600007,700.9480285644531,701.43798828125,700.4580688476562,0.0021275000430129253,697.8838500976562,3.2000000000000007e-06,cuda
DRM,20260710,65000,2239.470876200008,700.9820861816406,701.4877319335938,700.4764404296875,0.0021761913487569904,699.6902465820312,3.2000000000000007e-06,cuda
DRM,20260710,65500,2256.6314408000035,700.9513854980469,701.4465942382812,700.4561767578125,0.0021322993652636846,697.995849609375,3.2000000000000007e-06,cuda
DRM,20260710,66000,2273.7889968999953,700.966796875,701.4668579101562,700.4667358398438,0.0021543326174148967,707.305908203125,3.2000000000000007e-06,cuda
DRM,20260710,66500,2291.0702066000085,700.9495849609375,701.4443969726562,700.4547729492188,0.0021297251833291863,697.4510498046875,3.2000000000000007e-06,cuda
DRM,20260710,67000,2308.266128499992,700.9537048339844,701.4532470703125,700.4541625976562,0.002135615260636936,694.4024658203125,3.2000000000000007e-06,cuda
DRM,20260710,67500,2325.491965299996,700.9363708496094,701.4248657226562,700.4478759765625,0.0021108333057421077,702.708251953125,3.2000000000000007e-06,cuda
DRM,20260710,68000,2342.762375399994,700.9559936523438,701.454833984375,700.4571533203125,0.0021388875258079084,702.4942016601562,1e-06,cuda
DRM,20260710,68500,2360.0430492000014,700.9475402832031,701.4442138671875,700.4508666992188,0.0021268019597764512,703.4450073242188,1e-06,cuda
