"problem","dim","potential","potential_scale","law","q","rho_used","N","rank","mass_cond_after_trunc","mass_truncation_tolerance","trial","seed","eigen_index","lambda_rfm","lambda_ref","rel_error","quad_order","assembly","integration_points","integration_scramble_seed","integration_backend","integration_dtype","integration_density","assembly_s","solve_s","total_s","omega_norm_max","boundary_factor","note"
"Ji2024 cube square","10","square","20.0","blind-tail","8.0","2.0","128","95","99772.70444922114","1e-05","0","20988803","1","151.2817440260474","151.00174383907776","0.0018542844595756845","","qmc","200000","203508","torch","float64","beta22","2.6521630003117025","0.010689500253647566","2.66285250056535","8.064021988993956","prod_i x_i(1-x_i)","No exact eigenfunction Fourier frequencies are used; omega is sampled from blind polynomial-tail or coefficient-scale polynomial-tail law."
"Ji2024 cube square","10","square","20.0","blind-tail","8.0","2.0","128","95","99772.70444922114","1e-05","0","20988803","2","183.6584488897224","181.89487396569749","0.009695572423648898","","qmc","200000","203508","torch","float64","beta22","2.6521630003117025","0.010689500253647566","2.66285250056535","8.064021988993956","prod_i x_i(1-x_i)","No exact eigenfunction Fourier frequencies are used; omega is sampled from blind polynomial-tail or coefficient-scale polynomial-tail law."
"Ji2024 cube square","10","square","20.0","blind-tail","8.0","2.0","128","95","99772.70444922114","1e-05","0","20988803","3","183.76809269487313","181.89487396569749","0.010298359092455278","","qmc","200000","203508","torch","float64","beta22","2.6521630003117025","0.010689500253647566","2.66285250056535","8.064021988993956","prod_i x_i(1-x_i)","No exact eigenfunction Fourier frequencies are used; omega is sampled from blind polynomial-tail or coefficient-scale polynomial-tail law."
"Ji2024 cube square","10","square","20.0","blind-tail","8.0","2.0","128","103","87396.01433516548","1e-05","1","20988900","1","151.217206730806","151.00174383907776","0.0014268900891492681","","qmc","200000","203508","torch","float64","beta22","2.4245794001035392","0.010972699616104364","2.4355520997196436","7.260485317112851","prod_i x_i(1-x_i)","No exact eigenfunction Fourier frequencies are used; omega is sampled from blind polynomial-tail or coefficient-scale polynomial-tail law."
"Ji2024 cube square","10","square","20.0","blind-tail","8.0","2.0","128","103","87396.01433516548","1e-05","1","20988900","2","183.45926217190922","181.89487396569749","0.00860050738157003","","qmc","200000","203508","torch","float64","beta22","2.4245794001035392","0.010972699616104364","2.4355520997196436","7.260485317112851","prod_i x_i(1-x_i)","No exact eigenfunction Fourier frequencies are used; omega is sampled from blind polynomial-tail or coefficient-scale polynomial-tail law."
"Ji2024 cube square","10","square","20.0","blind-tail","8.0","2.0","128","103","87396.01433516548","1e-05","1","20988900","3","183.7015451954479","181.89487396569749","0.009932502166559772","","qmc","200000","203508","torch","float64","beta22","2.4245794001035392","0.010972699616104364","2.4355520997196436","7.260485317112851","prod_i x_i(1-x_i)","No exact eigenfunction Fourier frequencies are used; omega is sampled from blind polynomial-tail or coefficient-scale polynomial-tail law."
"Ji2024 cube square","10","square","20.0","blind-tail","8.0","2.0","128","107","99268.46316603759","1e-05","2","20988997","1","151.2979180660532","151.00174383907776","0.00196139607030678","","qmc","200000","203508","torch","float64","beta22","2.3158256001770496","0.010838900227099657","2.3266645004041493","11.72481640882652","prod_i x_i(1-x_i)","No exact eigenfunction Fourier frequencies are used; omega is sampled from blind polynomial-tail or coefficient-scale polynomial-tail law."
"Ji2024 cube square","10","square","20.0","blind-tail","8.0","2.0","128","107","99268.46316603759","1e-05","2","20988997","2","183.63626005552325","181.89487396569749","0.009573585290557253","","qmc","200000","203508","torch","float64","beta22","2.3158256001770496","0.010838900227099657","2.3266645004041493","11.72481640882652","prod_i x_i(1-x_i)","No exact eigenfunction Fourier frequencies are used; omega is sampled from blind polynomial-tail or coefficient-scale polynomial-tail law."
"Ji2024 cube square","10","square","20.0","blind-tail","8.0","2.0","128","107","99268.46316603759","1e-05","2","20988997","3","183.81112908565362","181.89487396569749","0.010534959442108903","","qmc","200000","203508","torch","float64","beta22","2.3158256001770496","0.010838900227099657","2.3266645004041493","11.72481640882652","prod_i x_i(1-x_i)","No exact eigenfunction Fourier frequencies are used; omega is sampled from blind polynomial-tail or coefficient-scale polynomial-tail law."
"Ji2024 cube square","10","square","20.0","blind-tail","8.0","2.0","128","101","87318.02914788258","1e-05","3","20989094","1","151.23549008275657","151.00174383907776","0.0015479704918369126","","qmc","200000","203508","torch","float64","beta22","2.469458400271833","0.01076840003952384","2.480226800311357","7.76780898801577","prod_i x_i(1-x_i)","No exact eigenfunction Fourier frequencies are used; omega is sampled from blind polynomial-tail or coefficient-scale polynomial-tail law."
"Ji2024 cube square","10","square","20.0","blind-tail","8.0","2.0","128","101","87318.02914788258","1e-05","3","20989094","2","183.18903440262793","181.89487396569749","0.007114881297724192","","qmc","200000","203508","torch","float64","beta22","2.469458400271833","0.01076840003952384","2.480226800311357","7.76780898801577","prod_i x_i(1-x_i)","No exact eigenfunction Fourier frequencies are used; omega is sampled from blind polynomial-tail or coefficient-scale polynomial-tail law."
"Ji2024 cube square","10","square","20.0","blind-tail","8.0","2.0","128","101","87318.02914788258","1e-05","3","20989094","3","183.88620785115788","181.89487396569749","0.010947718547780112","","qmc","200000","203508","torch","float64","beta22","2.469458400271833","0.01076840003952384","2.480226800311357","7.76780898801577","prod_i x_i(1-x_i)","No exact eigenfunction Fourier frequencies are used; omega is sampled from blind polynomial-tail or coefficient-scale polynomial-tail law."
"Ji2024 cube square","10","square","20.0","blind-tail","8.0","2.0","128","103","99698.65924019391","1e-05","4","20989191","1","151.22523243143743","151.00174383907776","0.001480039810651746","","qmc","200000","203508","torch","float64","beta22","2.4439636999741197","0.011354200076311827","2.4553179000504315","6.485183305991554","prod_i x_i(1-x_i)","No exact eigenfunction Fourier frequencies are used; omega is sampled from blind polynomial-tail or coefficient-scale polynomial-tail law."
"Ji2024 cube square","10","square","20.0","blind-tail","8.0","2.0","128","103","99698.65924019391","1e-05","4","20989191","2","182.91114147819965","181.89487396569749","0.005587114635752847","","qmc","200000","203508","torch","float64","beta22","2.4439636999741197","0.011354200076311827","2.4553179000504315","6.485183305991554","prod_i x_i(1-x_i)","No exact eigenfunction Fourier frequencies are used; omega is sampled from blind polynomial-tail or coefficient-scale polynomial-tail law."
"Ji2024 cube square","10","square","20.0","blind-tail","8.0","2.0","128","103","99698.65924019391","1e-05","4","20989191","3","183.49604050526565","181.89487396569749","0.00880270292757191","","qmc","200000","203508","torch","float64","beta22","2.4439636999741197","0.011354200076311827","2.4553179000504315","6.485183305991554","prod_i x_i(1-x_i)","No exact eigenfunction Fourier frequencies are used; omega is sampled from blind polynomial-tail or coefficient-scale polynomial-tail law."
"Ji2024 cube square","10","square","20.0","blind-tail","8.0","2.0","256","150","95919.0128409898","1e-05","0","21116803","1","151.09439770799125","151.00174383907776","0.0006135946947223887","","qmc","200000","203508","torch","float64","beta22","2.78358480008319","0.0606195000000298","2.84420430008322","8.38964724225535","prod_i x_i(1-x_i)","No exact eigenfunction Fourier frequencies are used; omega is sampled from blind polynomial-tail or coefficient-scale polynomial-tail law."
"Ji2024 cube square","10","square","20.0","blind-tail","8.0","2.0","256","150","95919.0128409898","1e-05","0","21116803","2","182.2558021668196","181.89487396569749","0.0019842681283595287","","qmc","200000","203508","torch","float64","beta22","2.78358480008319","0.0606195000000298","2.84420430008322","8.38964724225535","prod_i x_i(1-x_i)","No exact eigenfunction Fourier frequencies are used; omega is sampled from blind polynomial-tail or coefficient-scale polynomial-tail law."
"Ji2024 cube square","10","square","20.0","blind-tail","8.0","2.0","256","150","95919.0128409898","1e-05","0","21116803","3","182.69114235272778","181.89487396569749","0.0043776296146776465","","qmc","200000","203508","torch","float64","beta22","2.78358480008319","0.0606195000000298","2.84420430008322","8.38964724225535","prod_i x_i(1-x_i)","No exact eigenfunction Fourier frequencies are used; omega is sampled from blind polynomial-tail or coefficient-scale polynomial-tail law."
"Ji2024 cube square","10","square","20.0","blind-tail","8.0","2.0","256","144","95343.66500660032","1e-05","1","21116900","1","151.08390995970117","151.00174383907776","0.0005441402101354327","","qmc","200000","203508","torch","float64","beta22","2.8928608000278473","0.05029889987781644","2.9431596999056637","7.834292017065299","prod_i x_i(1-x_i)","No exact eigenfunction Fourier frequencies are used; omega is sampled from blind polynomial-tail or coefficient-scale polynomial-tail law."
"Ji2024 cube square","10","square","20.0","blind-tail","8.0","2.0","256","144","95343.66500660032","1e-05","1","21116900","2","182.52035727636527","181.89487396569749","0.0034387077383266204","","qmc","200000","203508","torch","float64","beta22","2.8928608000278473","0.05029889987781644","2.9431596999056637","7.834292017065299","prod_i x_i(1-x_i)","No exact eigenfunction Fourier frequencies are used; omega is sampled from blind polynomial-tail or coefficient-scale polynomial-tail law."
"Ji2024 cube square","10","square","20.0","blind-tail","8.0","2.0","256","144","95343.66500660032","1e-05","1","21116900","3","182.7798067975206","181.89487396569749","0.004865078451798437","","qmc","200000","203508","torch","float64","beta22","2.8928608000278473","0.05029889987781644","2.9431596999056637","7.834292017065299","prod_i x_i(1-x_i)","No exact eigenfunction Fourier frequencies are used; omega is sampled from blind polynomial-tail or coefficient-scale polynomial-tail law."
"Ji2024 cube square","10","square","20.0","blind-tail","8.0","2.0","256","153","99139.90033138102","1e-05","2","21116997","1","150.99970693791764","151.00174383907776","1.3489255874391705e-05","","qmc","200000","203508","torch","float64","beta22","2.8158285999670625","0.05050170002505183","2.8663302999921143","7.826979895701661","prod_i x_i(1-x_i)","No exact eigenfunction Fourier frequencies are used; omega is sampled from blind polynomial-tail or coefficient-scale polynomial-tail law."
"Ji2024 cube square","10","square","20.0","blind-tail","8.0","2.0","256","153","99139.90033138102","1e-05","2","21116997","2","182.07411717800534","181.89487396569749","0.0009854220099773407","","qmc","200000","203508","torch","float64","beta22","2.8158285999670625","0.05050170002505183","2.8663302999921143","7.826979895701661","prod_i x_i(1-x_i)","No exact eigenfunction Fourier frequencies are used; omega is sampled from blind polynomial-tail or coefficient-scale polynomial-tail law."
"Ji2024 cube square","10","square","20.0","blind-tail","8.0","2.0","256","153","99139.90033138102","1e-05","2","21116997","3","182.92420106663997","181.89487396569749","0.005658912087520378","","qmc","200000","203508","torch","float64","beta22","2.8158285999670625","0.05050170002505183","2.8663302999921143","7.826979895701661","prod_i x_i(1-x_i)","No exact eigenfunction Fourier frequencies are used; omega is sampled from blind polynomial-tail or coefficient-scale polynomial-tail law."
"Ji2024 cube square","10","square","20.0","blind-tail","8.0","2.0","256","158","99249.35249398957","1e-05","3","21117094","1","151.04834524842622","151.00174383907776","0.00030861504088401523","","qmc","200000","203508","torch","float64","beta22","2.804208400193602","0.05259770015254617","2.856806100346148","7.4426412017344195","prod_i x_i(1-x_i)","No exact eigenfunction Fourier frequencies are used; omega is sampled from blind polynomial-tail or coefficient-scale polynomial-tail law."
"Ji2024 cube square","10","square","20.0","blind-tail","8.0","2.0","256","158","99249.35249398957","1e-05","3","21117094","2","182.27337312984784","181.89487396569749","0.002080867678666603","","qmc","200000","203508","torch","float64","beta22","2.804208400193602","0.05259770015254617","2.856806100346148","7.4426412017344195","prod_i x_i(1-x_i)","No exact eigenfunction Fourier frequencies are used; omega is sampled from blind polynomial-tail or coefficient-scale polynomial-tail law."
"Ji2024 cube square","10","square","20.0","blind-tail","8.0","2.0","256","158","99249.35249398957","1e-05","3","21117094","3","182.87809431568397","181.89487396569749","0.005405431876941742","","qmc","200000","203508","torch","float64","beta22","2.804208400193602","0.05259770015254617","2.856806100346148","7.4426412017344195","prod_i x_i(1-x_i)","No exact eigenfunction Fourier frequencies are used; omega is sampled from blind polynomial-tail or coefficient-scale polynomial-tail law."
"Ji2024 cube square","10","square","20.0","blind-tail","8.0","2.0","256","158","98511.9443603317","1e-05","4","21117191","1","151.04596794523988","151.00174383907776","0.00029287149298917004","","qmc","200000","203508","torch","float64","beta22","2.727065000217408","0.05112329963594675","2.7781882998533547","7.506652757357569","prod_i x_i(1-x_i)","No exact eigenfunction Fourier frequencies are used; omega is sampled from blind polynomial-tail or coefficient-scale polynomial-tail law."
"Ji2024 cube square","10","square","20.0","blind-tail","8.0","2.0","256","158","98511.9443603317","1e-05","4","21117191","2","182.31916230483344","181.89487396569749","0.002332601957853797","","qmc","200000","203508","torch","float64","beta22","2.727065000217408","0.05112329963594675","2.7781882998533547","7.506652757357569","prod_i x_i(1-x_i)","No exact eigenfunction Fourier frequencies are used; omega is sampled from blind polynomial-tail or coefficient-scale polynomial-tail law."
"Ji2024 cube square","10","square","20.0","blind-tail","8.0","2.0","256","158","98511.9443603317","1e-05","4","21117191","3","182.5695033303089","181.89487396569749","0.003708897067317191","","qmc","200000","203508","torch","float64","beta22","2.727065000217408","0.05112329963594675","2.7781882998533547","7.506652757357569","prod_i x_i(1-x_i)","No exact eigenfunction Fourier frequencies are used; omega is sampled from blind polynomial-tail or coefficient-scale polynomial-tail law."
"Ji2024 cube square","10","square","20.0","blind-tail","8.0","2.0","384","196","99650.67179591478","1e-05","0","21244803","1","150.9182720766684","151.00174383907776","0.0005527867446241537","","qmc","200000","203508","torch","float64","beta22","3.4464000002481043","0.12154150009155273","3.567941500339657","10.143528962825048","prod_i x_i(1-x_i)","No exact eigenfunction Fourier frequencies are used; omega is sampled from blind polynomial-tail or coefficient-scale polynomial-tail law."
"Ji2024 cube square","10","square","20.0","blind-tail","8.0","2.0","384","196","99650.67179591478","1e-05","0","21244803","2","181.6111671511787","181.89487396569749","0.0015597295752945882","","qmc","200000","203508","torch","float64","beta22","3.4464000002481043","0.12154150009155273","3.567941500339657","10.143528962825048","prod_i x_i(1-x_i)","No exact eigenfunction Fourier frequencies are used; omega is sampled from blind polynomial-tail or coefficient-scale polynomial-tail law."
"Ji2024 cube square","10","square","20.0","blind-tail","8.0","2.0","384","196","99650.67179591478","1e-05","0","21244803","3","182.1670593752978","181.89487396569749","0.0014963885659122832","","qmc","200000","203508","torch","float64","beta22","3.4464000002481043","0.12154150009155273","3.567941500339657","10.143528962825048","prod_i x_i(1-x_i)","No exact eigenfunction Fourier frequencies are used; omega is sampled from blind polynomial-tail or coefficient-scale polynomial-tail law."
"Ji2024 cube square","10","square","20.0","blind-tail","8.0","2.0","384","187","99652.94558865724","1e-05","1","21244900","1","150.9500136829146","151.00174383907776","0.00034257985933121743","","qmc","200000","203508","torch","float64","beta22","3.4336843001656234","0.10917240008711815","3.5428567002527416","10.543443384147416","prod_i x_i(1-x_i)","No exact eigenfunction Fourier frequencies are used; omega is sampled from blind polynomial-tail or coefficient-scale polynomial-tail law."
"Ji2024 cube square","10","square","20.0","blind-tail","8.0","2.0","384","187","99652.94558865724","1e-05","1","21244900","2","181.8229087004194","181.89487396569749","0.00039564207450764455","","qmc","200000","203508","torch","float64","beta22","3.4336843001656234","0.10917240008711815","3.5428567002527416","10.543443384147416","prod_i x_i(1-x_i)","No exact eigenfunction Fourier frequencies are used; omega is sampled from blind polynomial-tail or coefficient-scale polynomial-tail law."
"Ji2024 cube square","10","square","20.0","blind-tail","8.0","2.0","384","187","99652.94558865724","1e-05","1","21244900","3","182.42678742419977","181.89487396569749","0.0029242905360961327","","qmc","200000","203508","torch","float64","beta22","3.4336843001656234","0.10917240008711815","3.5428567002527416","10.543443384147416","prod_i x_i(1-x_i)","No exact eigenfunction Fourier frequencies are used; omega is sampled from blind polynomial-tail or coefficient-scale polynomial-tail law."
"Ji2024 cube square","10","square","20.0","blind-tail","8.0","2.0","384","177","98757.77190741844","1e-05","2","21244997","1","150.96154915409912","151.00174383907776","0.0002661868926591966","","qmc","200000","203508","torch","float64","beta22","3.45898550003767","0.11351800011470914","3.5725035001523793","13.549556647794953","prod_i x_i(1-x_i)","No exact eigenfunction Fourier frequencies are used; omega is sampled from blind polynomial-tail or coefficient-scale polynomial-tail law."
"Ji2024 cube square","10","square","20.0","blind-tail","8.0","2.0","384","177","98757.77190741844","1e-05","2","21244997","2","182.1399735018168","181.89487396569749","0.001347479072805175","","qmc","200000","203508","torch","float64","beta22","3.45898550003767","0.11351800011470914","3.5725035001523793","13.549556647794953","prod_i x_i(1-x_i)","No exact eigenfunction Fourier frequencies are used; omega is sampled from blind polynomial-tail or coefficient-scale polynomial-tail law."
"Ji2024 cube square","10","square","20.0","blind-tail","8.0","2.0","384","177","98757.77190741844","1e-05","2","21244997","3","182.557450184963","181.89487396569749","0.003642632718668337","","qmc","200000","203508","torch","float64","beta22","3.45898550003767","0.11351800011470914","3.5725035001523793","13.549556647794953","prod_i x_i(1-x_i)","No exact eigenfunction Fourier frequencies are used; omega is sampled from blind polynomial-tail or coefficient-scale polynomial-tail law."
"Ji2024 cube square","10","square","20.0","blind-tail","8.0","2.0","384","175","99312.13933959072","1e-05","3","21245094","1","150.94596602300015","151.00174383907776","0.0003693852445641318","","qmc","200000","203508","torch","float64","beta22","3.5423094001598656","0.11466709990054369","3.6569765000604093","10.708792139535548","prod_i x_i(1-x_i)","No exact eigenfunction Fourier frequencies are used; omega is sampled from blind polynomial-tail or coefficient-scale polynomial-tail law."
"Ji2024 cube square","10","square","20.0","blind-tail","8.0","2.0","384","175","99312.13933959072","1e-05","3","21245094","2","182.31209485369638","181.89487396569749","0.002293747365731569","","qmc","200000","203508","torch","float64","beta22","3.5423094001598656","0.11466709990054369","3.6569765000604093","10.708792139535548","prod_i x_i(1-x_i)","No exact eigenfunction Fourier frequencies are used; omega is sampled from blind polynomial-tail or coefficient-scale polynomial-tail law."
"Ji2024 cube square","10","square","20.0","blind-tail","8.0","2.0","384","175","99312.13933959072","1e-05","3","21245094","3","182.42057319162","181.89487396569749","0.0028901266674599166","","qmc","200000","203508","torch","float64","beta22","3.5423094001598656","0.11466709990054369","3.6569765000604093","10.708792139535548","prod_i x_i(1-x_i)","No exact eigenfunction Fourier frequencies are used; omega is sampled from blind polynomial-tail or coefficient-scale polynomial-tail law."
"Ji2024 cube square","10","square","20.0","blind-tail","8.0","2.0","384","178","99154.00059538338","1e-05","4","21245191","1","150.93004498483356","151.00174383907776","0.00047482136577583616","","qmc","200000","203508","torch","float64","beta22","3.5770778004080057","0.11314259981736541","3.690220400225371","9.979916386122206","prod_i x_i(1-x_i)","No exact eigenfunction Fourier frequencies are used; omega is sampled from blind polynomial-tail or coefficient-scale polynomial-tail law."
"Ji2024 cube square","10","square","20.0","blind-tail","8.0","2.0","384","178","99154.00059538338","1e-05","4","21245191","2","182.08674447727398","181.89487396569749","0.0010548428737616885","","qmc","200000","203508","torch","float64","beta22","3.5770778004080057","0.11314259981736541","3.690220400225371","9.979916386122206","prod_i x_i(1-x_i)","No exact eigenfunction Fourier frequencies are used; omega is sampled from blind polynomial-tail or coefficient-scale polynomial-tail law."
"Ji2024 cube square","10","square","20.0","blind-tail","8.0","2.0","384","178","99154.00059538338","1e-05","4","21245191","3","182.75615370390537","181.89487396569749","0.004735041287476345","","qmc","200000","203508","torch","float64","beta22","3.5770778004080057","0.11314259981736541","3.690220400225371","9.979916386122206","prod_i x_i(1-x_i)","No exact eigenfunction Fourier frequencies are used; omega is sampled from blind polynomial-tail or coefficient-scale polynomial-tail law."
"Ji2024 cube square","10","square","20.0","blind-tail","8.0","2.0","512","191","99738.00701912754","1e-05","0","21372803","1","150.8796708417422","151.00174383907776","0.0008084211097962105","","qmc","200000","203508","torch","float64","beta22","4.902174999937415","0.35775560000911355","5.259930599946529","14.383699988401759","prod_i x_i(1-x_i)","No exact eigenfunction Fourier frequencies are used; omega is sampled from blind polynomial-tail or coefficient-scale polynomial-tail law."
"Ji2024 cube square","10","square","20.0","blind-tail","8.0","2.0","512","191","99738.00701912754","1e-05","0","21372803","2","181.88307522098424","181.89487396569749","6.486573511396168e-05","","qmc","200000","203508","torch","float64","beta22","4.902174999937415","0.35775560000911355","5.259930599946529","14.383699988401759","prod_i x_i(1-x_i)","No exact eigenfunction Fourier frequencies are used; omega is sampled from blind polynomial-tail or coefficient-scale polynomial-tail law."
"Ji2024 cube square","10","square","20.0","blind-tail","8.0","2.0","512","191","99738.00701912754","1e-05","0","21372803","3","182.51325695546714","181.89487396569749","0.0033996724387421397","","qmc","200000","203508","torch","float64","beta22","4.902174999937415","0.35775560000911355","5.259930599946529","14.383699988401759","prod_i x_i(1-x_i)","No exact eigenfunction Fourier frequencies are used; omega is sampled from blind polynomial-tail or coefficient-scale polynomial-tail law."
"Ji2024 cube square","10","square","20.0","blind-tail","8.0","2.0","512","211","98521.15004086941","1e-05","1","21372900","1","150.88103555871731","151.00174383907776","0.0007993833534073951","","qmc","200000","203508","torch","float64","beta22","4.627208100166172","0.312166600022465","4.939374700188637","11.55097938292441","prod_i x_i(1-x_i)","No exact eigenfunction Fourier frequencies are used; omega is sampled from blind polynomial-tail or coefficient-scale polynomial-tail law."
"Ji2024 cube square","10","square","20.0","blind-tail","8.0","2.0","512","211","98521.15004086941","1e-05","1","21372900","2","181.69986414636801","181.89487396569749","0.0010721017864761075","","qmc","200000","203508","torch","float64","beta22","4.627208100166172","0.312166600022465","4.939374700188637","11.55097938292441","prod_i x_i(1-x_i)","No exact eigenfunction Fourier frequencies are used; omega is sampled from blind polynomial-tail or coefficient-scale polynomial-tail law."
"Ji2024 cube square","10","square","20.0","blind-tail","8.0","2.0","512","211","98521.15004086941","1e-05","1","21372900","3","181.8428774690401","181.89487396569749","0.0002858601538556092","","qmc","200000","203508","torch","float64","beta22","4.627208100166172","0.312166600022465","4.939374700188637","11.55097938292441","prod_i x_i(1-x_i)","No exact eigenfunction Fourier frequencies are used; omega is sampled from blind polynomial-tail or coefficient-scale polynomial-tail law."
"Ji2024 cube square","10","square","20.0","blind-tail","8.0","2.0","512","197","99672.70397173037","1e-05","2","21372997","1","150.94287850308405","151.00174383907776","0.00038983216019311756","","qmc","200000","203508","torch","float64","beta22","4.606795799918473","0.31772329984232783","4.924519099760801","10.743115801896067","prod_i x_i(1-x_i)","No exact eigenfunction Fourier frequencies are used; omega is sampled from blind polynomial-tail or coefficient-scale polynomial-tail law."
"Ji2024 cube square","10","square","20.0","blind-tail","8.0","2.0","512","197","99672.70397173037","1e-05","2","21372997","2","181.70579968547068","181.89487396569749","0.0010394700856851057","","qmc","200000","203508","torch","float64","beta22","4.606795799918473","0.31772329984232783","4.924519099760801","10.743115801896067","prod_i x_i(1-x_i)","No exact eigenfunction Fourier frequencies are used; omega is sampled from blind polynomial-tail or coefficient-scale polynomial-tail law."
"Ji2024 cube square","10","square","20.0","blind-tail","8.0","2.0","512","197","99672.70397173037","1e-05","2","21372997","3","182.0753229531528","181.89487396569749","0.0009920509771449144","","qmc","200000","203508","torch","float64","beta22","4.606795799918473","0.31772329984232783","4.924519099760801","10.743115801896067","prod_i x_i(1-x_i)","No exact eigenfunction Fourier frequencies are used; omega is sampled from blind polynomial-tail or coefficient-scale polynomial-tail law."
"Ji2024 cube square","10","square","20.0","blind-tail","8.0","2.0","512","200","99788.03380293616","1e-05","3","21373094","1","150.89651351621694","151.00174383907776","0.0006968815073616852","","qmc","200000","203508","torch","float64","beta22","4.80703609995544","0.416896800044924","5.223932900000364","8.904087106873934","prod_i x_i(1-x_i)","No exact eigenfunction Fourier frequencies are used; omega is sampled from blind polynomial-tail or coefficient-scale polynomial-tail law."
"Ji2024 cube square","10","square","20.0","blind-tail","8.0","2.0","512","200","99788.03380293616","1e-05","3","21373094","2","181.86385092251822","181.89487396569749","0.00017055479631114217","","qmc","200000","203508","torch","float64","beta22","4.80703609995544","0.416896800044924","5.223932900000364","8.904087106873934","prod_i x_i(1-x_i)","No exact eigenfunction Fourier frequencies are used; omega is sampled from blind polynomial-tail or coefficient-scale polynomial-tail law."
"Ji2024 cube square","10","square","20.0","blind-tail","8.0","2.0","512","200","99788.03380293616","1e-05","3","21373094","3","182.21376609528866","181.89487396569749","0.0017531672148788256","","qmc","200000","203508","torch","float64","beta22","4.80703609995544","0.416896800044924","5.223932900000364","8.904087106873934","prod_i x_i(1-x_i)","No exact eigenfunction Fourier frequencies are used; omega is sampled from blind polynomial-tail or coefficient-scale polynomial-tail law."
"Ji2024 cube square","10","square","20.0","blind-tail","8.0","2.0","512","201","98661.46628975675","1e-05","4","21373191","1","150.84149478155607","151.00174383907776","0.0010612397807304348","","qmc","200000","203508","torch","float64","beta22","4.84076329972595","0.33126340014860034","5.17202669987455","16.736785069267864","prod_i x_i(1-x_i)","No exact eigenfunction Fourier frequencies are used; omega is sampled from blind polynomial-tail or coefficient-scale polynomial-tail law."
"Ji2024 cube square","10","square","20.0","blind-tail","8.0","2.0","512","201","98661.46628975675","1e-05","4","21373191","2","181.77180886656774","181.89487396569749","0.0006765726622563028","","qmc","200000","203508","torch","float64","beta22","4.84076329972595","0.33126340014860034","5.17202669987455","16.736785069267864","prod_i x_i(1-x_i)","No exact eigenfunction Fourier frequencies are used; omega is sampled from blind polynomial-tail or coefficient-scale polynomial-tail law."
"Ji2024 cube square","10","square","20.0","blind-tail","8.0","2.0","512","201","98661.46628975675","1e-05","4","21373191","3","181.93048518426056","181.89487396569749","0.0001957791211301099","","qmc","200000","203508","torch","float64","beta22","4.84076329972595","0.33126340014860034","5.17202669987455","16.736785069267864","prod_i x_i(1-x_i)","No exact eigenfunction Fourier frequencies are used; omega is sampled from blind polynomial-tail or coefficient-scale polynomial-tail law."
"Ji2024 cube exp","10","exp","20.0","blind-tail","8.0","2.0","128","106","93797.76550147132","1e-05","0","20688803","1","145.9316440574908","145.07515814545604","0.005903739296124065","","qmc","200000","203457","torch","float64","beta22","2.9125665999017656","0.011577399913221598","2.924143999814987","9.433805480143345","prod_i x_i(1-x_i)","No exact eigenfunction Fourier frequencies are used; omega is sampled from blind polynomial-tail or coefficient-scale polynomial-tail law."
"Ji2024 cube exp","10","exp","20.0","blind-tail","8.0","2.0","128","106","93797.76550147132","1e-05","0","20688803","2","176.86389550571752","175.80339245481804","0.006032324155360294","","qmc","200000","203457","torch","float64","beta22","2.9125665999017656","0.011577399913221598","2.924143999814987","9.433805480143345","prod_i x_i(1-x_i)","No exact eigenfunction Fourier frequencies are used; omega is sampled from blind polynomial-tail or coefficient-scale polynomial-tail law."
"Ji2024 cube exp","10","exp","20.0","blind-tail","8.0","2.0","128","106","93797.76550147132","1e-05","0","20688803","3","177.21196937948642","175.80339245481804","0.008012228347814102","","qmc","200000","203457","torch","float64","beta22","2.9125665999017656","0.011577399913221598","2.924143999814987","9.433805480143345","prod_i x_i(1-x_i)","No exact eigenfunction Fourier frequencies are used; omega is sampled from blind polynomial-tail or coefficient-scale polynomial-tail law."
"Ji2024 cube exp","10","exp","20.0","blind-tail","8.0","2.0","128","99","95438.44790292816","1e-05","1","20688900","1","145.9853144214562","145.07515814545604","0.0062736879810091645","","qmc","200000","203457","torch","float64","beta22","2.8275142000056803","0.011625700164586306","2.8391399001702666","6.869747520948036","prod_i x_i(1-x_i)","No exact eigenfunction Fourier frequencies are used; omega is sampled from blind polynomial-tail or coefficient-scale polynomial-tail law."
"Ji2024 cube exp","10","exp","20.0","blind-tail","8.0","2.0","128","99","95438.44790292816","1e-05","1","20688900","2","176.5268035671236","175.80339245481804","0.004114887103168321","","qmc","200000","203457","torch","float64","beta22","2.8275142000056803","0.011625700164586306","2.8391399001702666","6.869747520948036","prod_i x_i(1-x_i)","No exact eigenfunction Fourier frequencies are used; omega is sampled from blind polynomial-tail or coefficient-scale polynomial-tail law."
"Ji2024 cube exp","10","exp","20.0","blind-tail","8.0","2.0","128","99","95438.44790292816","1e-05","1","20688900","3","177.0470670036586","175.80339245481804","0.007074235209426924","","qmc","200000","203457","torch","float64","beta22","2.8275142000056803","0.011625700164586306","2.8391399001702666","6.869747520948036","prod_i x_i(1-x_i)","No exact eigenfunction Fourier frequencies are used; omega is sampled from blind polynomial-tail or coefficient-scale polynomial-tail law."
"Ji2024 cube exp","10","exp","20.0","blind-tail","8.0","2.0","128","106","93491.15135658697","1e-05","2","20688997","1","145.9806316122758","145.07515814545604","0.006241409476265441","","qmc","200000","203457","torch","float64","beta22","2.77956199971959","0.010559500195086002","2.790121499914676","6.966195535327495","prod_i x_i(1-x_i)","No exact eigenfunction Fourier frequencies are used; omega is sampled from blind polynomial-tail or coefficient-scale polynomial-tail law."
"Ji2024 cube exp","10","exp","20.0","blind-tail","8.0","2.0","128","106","93491.15135658697","1e-05","2","20688997","2","176.1567874115802","175.80339245481804","0.0020101714297293596","","qmc","200000","203457","torch","float64","beta22","2.77956199971959","0.010559500195086002","2.790121499914676","6.966195535327495","prod_i x_i(1-x_i)","No exact eigenfunction Fourier frequencies are used; omega is sampled from blind polynomial-tail or coefficient-scale polynomial-tail law."
"Ji2024 cube exp","10","exp","20.0","blind-tail","8.0","2.0","128","106","93491.15135658697","1e-05","2","20688997","3","177.0386274595007","175.80339245481804","0.007026229627509169","","qmc","200000","203457","torch","float64","beta22","2.77956199971959","0.010559500195086002","2.790121499914676","6.966195535327495","prod_i x_i(1-x_i)","No exact eigenfunction Fourier frequencies are used; omega is sampled from blind polynomial-tail or coefficient-scale polynomial-tail law."
"Ji2024 cube exp","10","exp","20.0","blind-tail","8.0","2.0","128","107","92778.88598271896","1e-05","3","20689094","1","145.90460959890774","145.07515814545604","0.00571739134428561","","qmc","200000","203457","torch","float64","beta22","2.7845014999620616","0.011090700048953295","2.795592200011015","5.931847525089239","prod_i x_i(1-x_i)","No exact eigenfunction Fourier frequencies are used; omega is sampled from blind polynomial-tail or coefficient-scale polynomial-tail law."
"Ji2024 cube exp","10","exp","20.0","blind-tail","8.0","2.0","128","107","92778.88598271896","1e-05","3","20689094","2","176.3015765168951","175.80339245481804","0.002833756818458967","","qmc","200000","203457","torch","float64","beta22","2.7845014999620616","0.011090700048953295","2.795592200011015","5.931847525089239","prod_i x_i(1-x_i)","No exact eigenfunction Fourier frequencies are used; omega is sampled from blind polynomial-tail or coefficient-scale polynomial-tail law."
"Ji2024 cube exp","10","exp","20.0","blind-tail","8.0","2.0","128","107","92778.88598271896","1e-05","3","20689094","3","176.9200393522298","175.80339245481804","0.006351680031992195","","qmc","200000","203457","torch","float64","beta22","2.7845014999620616","0.011090700048953295","2.795592200011015","5.931847525089239","prod_i x_i(1-x_i)","No exact eigenfunction Fourier frequencies are used; omega is sampled from blind polynomial-tail or coefficient-scale polynomial-tail law."
"Ji2024 cube exp","10","exp","20.0","blind-tail","8.0","2.0","128","102","96524.03160035971","1e-05","4","20689191","1","145.9485106435802","145.07515814545604","0.00602000031768708","","qmc","200000","203457","torch","float64","beta22","2.7035324000753462","0.009957099799066782","2.713489499874413","7.790873513362817","prod_i x_i(1-x_i)","No exact eigenfunction Fourier frequencies are used; omega is sampled from blind polynomial-tail or coefficient-scale polynomial-tail law."
"Ji2024 cube exp","10","exp","20.0","blind-tail","8.0","2.0","128","102","96524.03160035971","1e-05","4","20689191","2","176.4576620868473","175.80339245481804","0.003721598445248537","","qmc","200000","203457","torch","float64","beta22","2.7035324000753462","0.009957099799066782","2.713489499874413","7.790873513362817","prod_i x_i(1-x_i)","No exact eigenfunction Fourier frequencies are used; omega is sampled from blind polynomial-tail or coefficient-scale polynomial-tail law."
"Ji2024 cube exp","10","exp","20.0","blind-tail","8.0","2.0","128","102","96524.03160035971","1e-05","4","20689191","3","176.89797498403547","175.80339245481804","0.006226174102406722","","qmc","200000","203457","torch","float64","beta22","2.7035324000753462","0.009957099799066782","2.713489499874413","7.790873513362817","prod_i x_i(1-x_i)","No exact eigenfunction Fourier frequencies are used; omega is sampled from blind polynomial-tail or coefficient-scale polynomial-tail law."
"Ji2024 cube exp","10","exp","20.0","blind-tail","8.0","2.0","256","152","99741.15540571592","1e-05","0","20816803","1","145.6671395713989","145.07515814545604","0.004080515461849963","","qmc","200000","203457","torch","float64","beta22","3.13344440003857","0.05059830006211996","3.18404270010069","9.68873583988242","prod_i x_i(1-x_i)","No exact eigenfunction Fourier frequencies are used; omega is sampled from blind polynomial-tail or coefficient-scale polynomial-tail law."
"Ji2024 cube exp","10","exp","20.0","blind-tail","8.0","2.0","256","152","99741.15540571592","1e-05","0","20816803","2","175.7861311441507","175.80339245481804","9.818531045575318e-05","","qmc","200000","203457","torch","float64","beta22","3.13344440003857","0.05059830006211996","3.18404270010069","9.68873583988242","prod_i x_i(1-x_i)","No exact eigenfunction Fourier frequencies are used; omega is sampled from blind polynomial-tail or coefficient-scale polynomial-tail law."
"Ji2024 cube exp","10","exp","20.0","blind-tail","8.0","2.0","256","152","99741.15540571592","1e-05","0","20816803","3","176.03729069676106","175.80339245481804","0.0013304535178587993","","qmc","200000","203457","torch","float64","beta22","3.13344440003857","0.05059830006211996","3.18404270010069","9.68873583988242","prod_i x_i(1-x_i)","No exact eigenfunction Fourier frequencies are used; omega is sampled from blind polynomial-tail or coefficient-scale polynomial-tail law."
"Ji2024 cube exp","10","exp","20.0","blind-tail","8.0","2.0","256","151","98862.18877784793","1e-05","1","20816900","1","145.716955909446","145.07515814545604","0.0044238984275066125","","qmc","200000","203457","torch","float64","beta22","4.492664200253785","0.06740469997748733","4.560068900231272","12.939068945537905","prod_i x_i(1-x_i)","No exact eigenfunction Fourier frequencies are used; omega is sampled from blind polynomial-tail or coefficient-scale polynomial-tail law."
"Ji2024 cube exp","10","exp","20.0","blind-tail","8.0","2.0","256","151","98862.18877784793","1e-05","1","20816900","2","175.67348442228118","175.80339245481804","0.0007389392816765319","","qmc","200000","203457","torch","float64","beta22","4.492664200253785","0.06740469997748733","4.560068900231272","12.939068945537905","prod_i x_i(1-x_i)","No exact eigenfunction Fourier frequencies are used; omega is sampled from blind polynomial-tail or coefficient-scale polynomial-tail law."
"Ji2024 cube exp","10","exp","20.0","blind-tail","8.0","2.0","256","151","98862.18877784793","1e-05","1","20816900","3","176.16835450703994","175.80339245481804","0.0020759670625565114","","qmc","200000","203457","torch","float64","beta22","4.492664200253785","0.06740469997748733","4.560068900231272","12.939068945537905","prod_i x_i(1-x_i)","No exact eigenfunction Fourier frequencies are used; omega is sampled from blind polynomial-tail or coefficient-scale polynomial-tail law."
"Ji2024 cube exp","10","exp","20.0","blind-tail","8.0","2.0","256","145","99152.57769590129","1e-05","2","20816997","1","145.7079336691562","145.07515814545604","0.004361708315807757","","qmc","200000","203457","torch","float64","beta22","4.071884899865836","0.05002239998430014","4.121907299850136","9.552934921406447","prod_i x_i(1-x_i)","No exact eigenfunction Fourier frequencies are used; omega is sampled from blind polynomial-tail or coefficient-scale polynomial-tail law."
"Ji2024 cube exp","10","exp","20.0","blind-tail","8.0","2.0","256","145","99152.57769590129","1e-05","2","20816997","2","175.60846298846639","175.80339245481804","0.0011087924051394512","","qmc","200000","203457","torch","float64","beta22","4.071884899865836","0.05002239998430014","4.121907299850136","9.552934921406447","prod_i x_i(1-x_i)","No exact eigenfunction Fourier frequencies are used; omega is sampled from blind polynomial-tail or coefficient-scale polynomial-tail law."
"Ji2024 cube exp","10","exp","20.0","blind-tail","8.0","2.0","256","145","99152.57769590129","1e-05","2","20816997","3","176.28172037740137","175.80339245481804","0.002720811674360972","","qmc","200000","203457","torch","float64","beta22","4.071884899865836","0.05002239998430014","4.121907299850136","9.552934921406447","prod_i x_i(1-x_i)","No exact eigenfunction Fourier frequencies are used; omega is sampled from blind polynomial-tail or coefficient-scale polynomial-tail law."
"Ji2024 cube exp","10","exp","20.0","blind-tail","8.0","2.0","256","153","99841.33533868172","1e-05","3","20817094","1","145.7074487545239","145.07515814545604","0.00435836580949245","","qmc","200000","203457","torch","float64","beta22","3.778694699984044","0.053593500051647425","3.8322882000356913","8.603930877044093","prod_i x_i(1-x_i)","No exact eigenfunction Fourier frequencies are used; omega is sampled from blind polynomial-tail or coefficient-scale polynomial-tail law."
"Ji2024 cube exp","10","exp","20.0","blind-tail","8.0","2.0","256","153","99841.33533868172","1e-05","3","20817094","2","175.44948993348007","175.80339245481804","0.0020130585445268102","","qmc","200000","203457","torch","float64","beta22","3.778694699984044","0.053593500051647425","3.8322882000356913","8.603930877044093","prod_i x_i(1-x_i)","No exact eigenfunction Fourier frequencies are used; omega is sampled from blind polynomial-tail or coefficient-scale polynomial-tail law."
"Ji2024 cube exp","10","exp","20.0","blind-tail","8.0","2.0","256","153","99841.33533868172","1e-05","3","20817094","3","176.06763717009764","175.80339245481804","0.0015030694891027998","","qmc","200000","203457","torch","float64","beta22","3.778694699984044","0.053593500051647425","3.8322882000356913","8.603930877044093","prod_i x_i(1-x_i)","No exact eigenfunction Fourier frequencies are used; omega is sampled from blind polynomial-tail or coefficient-scale polynomial-tail law."
"Ji2024 cube exp","10","exp","20.0","blind-tail","8.0","2.0","256","154","97168.07684029517","1e-05","4","20817191","1","145.75851530163868","145.07515814545604","0.004710366439838626","","qmc","200000","203457","torch","float64","beta22","3.6048369999043643","0.07808890007436275","3.682925899978727","13.62760728442","prod_i x_i(1-x_i)","No exact eigenfunction Fourier frequencies are used; omega is sampled from blind polynomial-tail or coefficient-scale polynomial-tail law."
"Ji2024 cube exp","10","exp","20.0","blind-tail","8.0","2.0","256","154","97168.07684029517","1e-05","4","20817191","2","175.49316737230276","175.80339245481804","0.0017646137437023713","","qmc","200000","203457","torch","float64","beta22","3.6048369999043643","0.07808890007436275","3.682925899978727","13.62760728442","prod_i x_i(1-x_i)","No exact eigenfunction Fourier frequencies are used; omega is sampled from blind polynomial-tail or coefficient-scale polynomial-tail law."
"Ji2024 cube exp","10","exp","20.0","blind-tail","8.0","2.0","256","154","97168.07684029517","1e-05","4","20817191","3","176.167376061894","175.80339245481804","0.0020704014979091513","","qmc","200000","203457","torch","float64","beta22","3.6048369999043643","0.07808890007436275","3.682925899978727","13.62760728442","prod_i x_i(1-x_i)","No exact eigenfunction Fourier frequencies are used; omega is sampled from blind polynomial-tail or coefficient-scale polynomial-tail law."
"Ji2024 cube exp","10","exp","20.0","blind-tail","8.0","2.0","384","171","99026.69941544888","1e-05","0","20944803","1","145.60788997127844","145.07515814545604","0.003672109220024182","","qmc","200000","203457","torch","float64","beta22","4.382289899978787","0.3431307999417186","4.725420699920505","6.769605551303815","prod_i x_i(1-x_i)","No exact eigenfunction Fourier frequencies are used; omega is sampled from blind polynomial-tail or coefficient-scale polynomial-tail law."
"Ji2024 cube exp","10","exp","20.0","blind-tail","8.0","2.0","384","171","99026.69941544888","1e-05","0","20944803","2","175.54741214303957","175.80339245481804","0.0014560601374302839","","qmc","200000","203457","torch","float64","beta22","4.382289899978787","0.3431307999417186","4.725420699920505","6.769605551303815","prod_i x_i(1-x_i)","No exact eigenfunction Fourier frequencies are used; omega is sampled from blind polynomial-tail or coefficient-scale polynomial-tail law."
"Ji2024 cube exp","10","exp","20.0","blind-tail","8.0","2.0","384","171","99026.69941544888","1e-05","0","20944803","3","175.86443395081574","175.80339245481804","0.00034721455112640725","","qmc","200000","203457","torch","float64","beta22","4.382289899978787","0.3431307999417186","4.725420699920505","6.769605551303815","prod_i x_i(1-x_i)","No exact eigenfunction Fourier frequencies are used; omega is sampled from blind polynomial-tail or coefficient-scale polynomial-tail law."
"Ji2024 cube exp","10","exp","20.0","blind-tail","8.0","2.0","384","163","98314.26122132079","1e-05","1","20944900","1","145.71428400313005","145.07515814545604","0.004405481033721838","","qmc","200000","203457","torch","float64","beta22","4.982544700149447","0.11084630014374852","5.093391000293195","7.916813706392661","prod_i x_i(1-x_i)","No exact eigenfunction Fourier frequencies are used; omega is sampled from blind polynomial-tail or coefficient-scale polynomial-tail law."
"Ji2024 cube exp","10","exp","20.0","blind-tail","8.0","2.0","384","163","98314.26122132079","1e-05","1","20944900","2","175.37838987236785","175.80339245481804","0.0024174879478472936","","qmc","200000","203457","torch","float64","beta22","4.982544700149447","0.11084630014374852","5.093391000293195","7.916813706392661","prod_i x_i(1-x_i)","No exact eigenfunction Fourier frequencies are used; omega is sampled from blind polynomial-tail or coefficient-scale polynomial-tail law."
"Ji2024 cube exp","10","exp","20.0","blind-tail","8.0","2.0","384","163","98314.26122132079","1e-05","1","20944900","3","175.82603796190094","175.80339245481804","0.00012881154775621858","","qmc","200000","203457","torch","float64","beta22","4.982544700149447","0.11084630014374852","5.093391000293195","7.916813706392661","prod_i x_i(1-x_i)","No exact eigenfunction Fourier frequencies are used; omega is sampled from blind polynomial-tail or coefficient-scale polynomial-tail law."
"Ji2024 cube exp","10","exp","20.0","blind-tail","8.0","2.0","384","177","99713.214396777","1e-05","2","20944997","1","145.63868091591462","145.07515814545604","0.0038843505508611865","","qmc","200000","203457","torch","float64","beta22","3.7053808998316526","0.11066820006817579","3.8160490998998284","8.354543449214296","prod_i x_i(1-x_i)","No exact eigenfunction Fourier frequencies are used; omega is sampled from blind polynomial-tail or coefficient-scale polynomial-tail law."
"Ji2024 cube exp","10","exp","20.0","blind-tail","8.0","2.0","384","177","99713.214396777","1e-05","2","20944997","2","175.1901554431561","175.80339245481804","0.0034881978276928905","","qmc","200000","203457","torch","float64","beta22","3.7053808998316526","0.11066820006817579","3.8160490998998284","8.354543449214296","prod_i x_i(1-x_i)","No exact eigenfunction Fourier frequencies are used; omega is sampled from blind polynomial-tail or coefficient-scale polynomial-tail law."
"Ji2024 cube exp","10","exp","20.0","blind-tail","8.0","2.0","384","177","99713.214396777","1e-05","2","20944997","3","175.6288205885972","175.80339245481804","0.0009929948664995762","","qmc","200000","203457","torch","float64","beta22","3.7053808998316526","0.11066820006817579","3.8160490998998284","8.354543449214296","prod_i x_i(1-x_i)","No exact eigenfunction Fourier frequencies are used; omega is sampled from blind polynomial-tail or coefficient-scale polynomial-tail law."
"Ji2024 cube exp","10","exp","20.0","blind-tail","8.0","2.0","384","185","97105.65825857416","1e-05","3","20945094","1","145.56369526733934","145.07515814545604","0.003367476059502051","","qmc","200000","203457","torch","float64","beta22","3.5614018999040127","0.10012730024755001","3.6615292001515627","15.869099365969374","prod_i x_i(1-x_i)","No exact eigenfunction Fourier frequencies are used; omega is sampled from blind polynomial-tail or coefficient-scale polynomial-tail law."
"Ji2024 cube exp","10","exp","20.0","blind-tail","8.0","2.0","384","185","97105.65825857416","1e-05","3","20945094","2","175.1953725709787","175.80339245481804","0.0034585219053472472","","qmc","200000","203457","torch","float64","beta22","3.5614018999040127","0.10012730024755001","3.6615292001515627","15.869099365969374","prod_i x_i(1-x_i)","No exact eigenfunction Fourier frequencies are used; omega is sampled from blind polynomial-tail or coefficient-scale polynomial-tail law."
"Ji2024 cube exp","10","exp","20.0","blind-tail","8.0","2.0","384","185","97105.65825857416","1e-05","3","20945094","3","175.72136311997698","175.80339245481804","0.0004665969961992331","","qmc","200000","203457","torch","float64","beta22","3.5614018999040127","0.10012730024755001","3.6615292001515627","15.869099365969374","prod_i x_i(1-x_i)","No exact eigenfunction Fourier frequencies are used; omega is sampled from blind polynomial-tail or coefficient-scale polynomial-tail law."
"Ji2024 cube exp","10","exp","20.0","blind-tail","8.0","2.0","384","172","96207.3509469854","1e-05","4","20945191","1","145.62175138513098","145.07515814545604","0.0037676556528506797","","qmc","200000","203457","torch","float64","beta22","3.426675499882549","0.10222249990329146","3.5288979997858405","11.204466983041085","prod_i x_i(1-x_i)","No exact eigenfunction Fourier frequencies are used; omega is sampled from blind polynomial-tail or coefficient-scale polynomial-tail law."
"Ji2024 cube exp","10","exp","20.0","blind-tail","8.0","2.0","384","172","96207.3509469854","1e-05","4","20945191","2","175.35448178094018","175.80339245481804","0.002553481292991732","","qmc","200000","203457","torch","float64","beta22","3.426675499882549","0.10222249990329146","3.5288979997858405","11.204466983041085","prod_i x_i(1-x_i)","No exact eigenfunction Fourier frequencies are used; omega is sampled from blind polynomial-tail or coefficient-scale polynomial-tail law."
"Ji2024 cube exp","10","exp","20.0","blind-tail","8.0","2.0","384","172","96207.3509469854","1e-05","4","20945191","3","176.10534445448886","175.80339245481804","0.0017175550224289458","","qmc","200000","203457","torch","float64","beta22","3.426675499882549","0.10222249990329146","3.5288979997858405","11.204466983041085","prod_i x_i(1-x_i)","No exact eigenfunction Fourier frequencies are used; omega is sampled from blind polynomial-tail or coefficient-scale polynomial-tail law."
"Ji2024 cube exp","10","exp","20.0","blind-tail","8.0","2.0","512","201","98968.80163112316","1e-05","0","21072803","1","145.56647632534236","145.07515814545604","0.003386645833559682","","qmc","200000","203457","torch","float64","beta22","3.8622284000739455","0.17861120030283928","4.040839600376785","8.715878317053214","prod_i x_i(1-x_i)","No exact eigenfunction Fourier frequencies are used; omega is sampled from blind polynomial-tail or coefficient-scale polynomial-tail law."
"Ji2024 cube exp","10","exp","20.0","blind-tail","8.0","2.0","512","201","98968.80163112316","1e-05","0","21072803","2","175.03945537335412","175.80339245481804","0.00434540580131442","","qmc","200000","203457","torch","float64","beta22","3.8622284000739455","0.17861120030283928","4.040839600376785","8.715878317053214","prod_i x_i(1-x_i)","No exact eigenfunction Fourier frequencies are used; omega is sampled from blind polynomial-tail or coefficient-scale polynomial-tail law."
"Ji2024 cube exp","10","exp","20.0","blind-tail","8.0","2.0","512","201","98968.80163112316","1e-05","0","21072803","3","175.62754974762916","175.80339245481804","0.0010002236289841197","","qmc","200000","203457","torch","float64","beta22","3.8622284000739455","0.17861120030283928","4.040839600376785","8.715878317053214","prod_i x_i(1-x_i)","No exact eigenfunction Fourier frequencies are used; omega is sampled from blind polynomial-tail or coefficient-scale polynomial-tail law."
"Ji2024 cube exp","10","exp","20.0","blind-tail","8.0","2.0","512","205","99253.01573326935","1e-05","1","21072900","1","145.51696061780186","145.07515814545604","0.003045335107633319","","qmc","200000","203457","torch","float64","beta22","3.814401799812913","0.18986150017008185","4.004263299982995","10.472087004003267","prod_i x_i(1-x_i)","No exact eigenfunction Fourier frequencies are used; omega is sampled from blind polynomial-tail or coefficient-scale polynomial-tail law."
"Ji2024 cube exp","10","exp","20.0","blind-tail","8.0","2.0","512","205","99253.01573326935","1e-05","1","21072900","2","175.0513958711619","175.80339245481804","0.0042774861915671055","","qmc","200000","203457","torch","float64","beta22","3.814401799812913","0.18986150017008185","4.004263299982995","10.472087004003267","prod_i x_i(1-x_i)","No exact eigenfunction Fourier frequencies are used; omega is sampled from blind polynomial-tail or coefficient-scale polynomial-tail law."
"Ji2024 cube exp","10","exp","20.0","blind-tail","8.0","2.0","512","205","99253.01573326935","1e-05","1","21072900","3","175.45961417124724","175.80339245481804","0.001955470134964268","","qmc","200000","203457","torch","float64","beta22","3.814401799812913","0.18986150017008185","4.004263299982995","10.472087004003267","prod_i x_i(1-x_i)","No exact eigenfunction Fourier frequencies are used; omega is sampled from blind polynomial-tail or coefficient-scale polynomial-tail law."
"Ji2024 cube exp","10","exp","20.0","blind-tail","8.0","2.0","512","192","99706.71210867797","1e-05","2","21072997","1","145.64985442245464","145.07515814545604","0.003961369295371638","","qmc","200000","203457","torch","float64","beta22","3.8032178999856114","0.17485000006854534","3.978067900054157","9.958826672314027","prod_i x_i(1-x_i)","No exact eigenfunction Fourier frequencies are used; omega is sampled from blind polynomial-tail or coefficient-scale polynomial-tail law."
"Ji2024 cube exp","10","exp","20.0","blind-tail","8.0","2.0","512","192","99706.71210867797","1e-05","2","21072997","2","175.17779707872066","175.80339245481804","0.0035584943348471467","","qmc","200000","203457","torch","float64","beta22","3.8032178999856114","0.17485000006854534","3.978067900054157","9.958826672314027","prod_i x_i(1-x_i)","No exact eigenfunction Fourier frequencies are used; omega is sampled from blind polynomial-tail or coefficient-scale polynomial-tail law."
"Ji2024 cube exp","10","exp","20.0","blind-tail","8.0","2.0","512","192","99706.71210867797","1e-05","2","21072997","3","175.77223435068416","175.80339245481804","0.0001772326671220948","","qmc","200000","203457","torch","float64","beta22","3.8032178999856114","0.17485000006854534","3.978067900054157","9.958826672314027","prod_i x_i(1-x_i)","No exact eigenfunction Fourier frequencies are used; omega is sampled from blind polynomial-tail or coefficient-scale polynomial-tail law."
"Ji2024 cube exp","10","exp","20.0","blind-tail","8.0","2.0","512","209","96882.75548941862","1e-05","3","21073094","1","145.53521555927765","145.07515814545604","0.0031711660335419834","","qmc","200000","203457","torch","float64","beta22","3.767158799804747","0.18179409997537732","3.9489528997801244","11.253362070031015","prod_i x_i(1-x_i)","No exact eigenfunction Fourier frequencies are used; omega is sampled from blind polynomial-tail or coefficient-scale polynomial-tail law."
"Ji2024 cube exp","10","exp","20.0","blind-tail","8.0","2.0","512","209","96882.75548941862","1e-05","3","21073094","2","175.10772159646004","175.80339245481804","0.003957095757050245","","qmc","200000","203457","torch","float64","beta22","3.767158799804747","0.18179409997537732","3.9489528997801244","11.253362070031015","prod_i x_i(1-x_i)","No exact eigenfunction Fourier frequencies are used; omega is sampled from blind polynomial-tail or coefficient-scale polynomial-tail law."
"Ji2024 cube exp","10","exp","20.0","blind-tail","8.0","2.0","512","209","96882.75548941862","1e-05","3","21073094","3","175.4066737313103","175.80339245481804","0.0022566044828156765","","qmc","200000","203457","torch","float64","beta22","3.767158799804747","0.18179409997537732","3.9489528997801244","11.253362070031015","prod_i x_i(1-x_i)","No exact eigenfunction Fourier frequencies are used; omega is sampled from blind polynomial-tail or coefficient-scale polynomial-tail law."
"Ji2024 cube exp","10","exp","20.0","blind-tail","8.0","2.0","512","203","98101.61332719063","1e-05","4","21073191","1","145.56298037301906","145.07515814545604","0.0033625483080563807","","qmc","200000","203457","torch","float64","beta22","3.8121539000421762","0.17985890014097095","3.992012800183147","12.151204392826847","prod_i x_i(1-x_i)","No exact eigenfunction Fourier frequencies are used; omega is sampled from blind polynomial-tail or coefficient-scale polynomial-tail law."
"Ji2024 cube exp","10","exp","20.0","blind-tail","8.0","2.0","512","203","98101.61332719063","1e-05","4","21073191","2","175.08752411486137","175.80339245481804","0.004071982513879255","","qmc","200000","203457","torch","float64","beta22","3.8121539000421762","0.17985890014097095","3.992012800183147","12.151204392826847","prod_i x_i(1-x_i)","No exact eigenfunction Fourier frequencies are used; omega is sampled from blind polynomial-tail or coefficient-scale polynomial-tail law."
"Ji2024 cube exp","10","exp","20.0","blind-tail","8.0","2.0","512","203","98101.61332719063","1e-05","4","21073191","3","175.3427453353178","175.80339245481804","0.002620240218735396","","qmc","200000","203457","torch","float64","beta22","3.8121539000421762","0.17985890014097095","3.992012800183147","12.151204392826847","prod_i x_i(1-x_i)","No exact eigenfunction Fourier frequencies are used; omega is sampled from blind polynomial-tail or coefficient-scale polynomial-tail law."
