potential,N,trial,seed,retained,method_s,evaluation_s,orthogonality_max,assembly_points,assembly_seed,density,final_evaluation,lambda_1,lambda_ref_1,rel_error_1,assembly_lambda_1,mass_1,lambda_2,lambda_ref_2,rel_error_2,assembly_lambda_2,mass_2,lambda_3,lambda_ref_3,rel_error_3,assembly_lambda_3,mass_3
square,128,0,20988803,95,3.5825934410095215,0.7415797710418701,6.333604587043201e-05,4194304,203508,beta22,independent product integrals of fixed fields,151.45925610199993,151.00174161840965,0.003029862296200792,151.49250706341573,1.0000000103023354,184.83095122661445,181.8948721003363,0.01614162671204141,184.65023150651427,0.9999879523746826,184.91111047407713,181.8948721003363,0.0165823166915724,184.80891817279732,0.9999732190732512
square,128,1,20988900,103,3.1982369422912598,0.6667823791503906,2.396984301900021e-05,4194304,203508,beta22,independent product integrals of fixed fields,151.44427076031573,151.00174161840965,0.002930622767414006,151.4909280969935,1.0000066901630629,184.4542518856333,181.8948721003363,0.014070653865850677,184.2927615320019,0.9998971551199641,184.6570636855301,181.8948721003363,0.015185648464405958,184.40212255325318,1.0000568162232557
square,128,2,20988997,107,3.122004747390747,0.6505715847015381,3.8084090174396165e-05,4194304,203508,beta22,independent product integrals of fixed fields,151.49381563086456,151.00174161840965,0.0032587307085398206,151.53300392944374,1.0000001528172182,184.78828941146193,181.8948721003363,0.015907085657310742,184.51805776344546,0.9999698854620411,184.547882403417,181.8948721003363,0.0145854045935789,184.58780475293347,0.999988704050395
square,128,3,20989094,101,3.1692962646484375,0.7068226337432861,5.224800042723288e-05,4194304,203508,beta22,independent product integrals of fixed fields,151.41053919065752,151.00174161840965,0.0027072374653857893,151.4632690396456,1.0000107383390613,184.60593559753616,181.8948721003363,0.014904562541512388,184.4321090409049,1.0000508514954782,184.88143291915793,181.8948721003363,0.016419158958885835,184.68046982269757,0.9999613438995948
square,128,4,20989191,103,3.287551164627075,0.7750673294067383,4.642405563910816e-05,4194304,203508,beta22,independent product integrals of fixed fields,151.4287978450013,151.00174161840965,0.00282815431143067,151.48194224564762,1.0000063535592365,184.52464624703978,181.8948721003363,0.014457659615895353,184.173071779555,0.9999443856756955,184.45529581424117,181.8948721003363,0.01407639305242478,184.42952750445716,0.9999507355395002
square,128,5,20989288,105,3.234093189239502,0.7287547588348389,3.4194396033232445e-05,4194304,203508,beta22,independent product integrals of fixed fields,151.42339554224563,151.00174161840965,0.0027923778846307627,151.47496789240702,1.0000042235523716,184.37373708109283,181.8948721003363,0.01362800914689416,184.14947875752392,0.9999636881346529,184.5524379327795,181.8948721003363,0.014610449441242294,184.44708059169727,0.9999969232292747
square,128,6,20989385,101,3.2639620304107666,0.6953024864196777,3.0971086490792574e-05,4194304,203508,beta22,independent product integrals of fixed fields,151.4332639551451,151.00174161840965,0.002857730858667333,151.47551745051166,0.9999950535204427,184.92582237756685,181.8948721003363,0.016663198045289707,184.77375608378455,0.9999343825793605,184.97972868041424,181.8948721003363,0.016959557707466762,184.92439267331304,0.9999688652891362
square,128,7,20989482,100,3.2796833515167236,0.6993939876556396,3.148953023991245e-05,4194304,203508,beta22,independent product integrals of fixed fields,151.5371211516963,151.00174161840965,0.003545518929441185,151.58308854178742,1.0000008627333534,184.662175908007,181.8948721003363,0.015213753833281204,184.4233405163208,0.9999053531733672,184.8233573293187,181.8948721003363,0.016099877886425484,184.7226494698884,0.9999791129492771
square,128,8,20989579,101,3.27998423576355,0.7550721168518066,5.5465085566583284e-05,4194304,203508,beta22,independent product integrals of fixed fields,151.5018355819532,151.00174161840965,0.0033118423548207524,151.5496800045626,0.9999984772707962,184.3865929914278,181.8948721003363,0.013698686842128313,184.33233454770968,1.0000114378655705,184.79351446530305,181.8948721003363,0.015935811337044217,184.6440836547254,0.9999144405156583
square,128,9,20989676,108,3.3606972694396973,0.8114094734191895,3.435686196990681e-05,4194304,203508,beta22,independent product integrals of fixed fields,151.5079635269075,151.00174161840965,0.0033524243036686437,151.5551094389403,1.000010575326505,184.56262872335913,181.8948721003363,0.014666475157976115,184.46251120708166,0.9999799515190209,184.73739285388734,181.8948721003363,0.015627272614826986,184.59957890040425,0.9999402021958426
square,128,10,20989773,111,3.2373712062835693,0.7252228260040283,7.010235382233784e-05,4194304,203508,beta22,independent product integrals of fixed fields,151.46789980265928,151.00174161840965,0.003087104686697132,151.52638825321276,1.0000003746642705,184.20693551204474,181.8948721003363,0.012710987313776845,184.11551628703836,0.9999773660410929,184.62203738540882,181.8948721003363,0.014993085036328926,184.49444167203694,0.9999411817808912
square,128,11,20989870,104,3.2759931087493896,0.6979048252105713,9.856701323079668e-06,4194304,203508,beta22,independent product integrals of fixed fields,151.44711971244013,151.00174161840965,0.002949489782415694,151.48662494796585,1.0000057172112773,184.47461065199101,181.8948721003363,0.014182579870815084,184.42724972649776,0.9999633484414808,184.9136315310248,181.8948721003363,0.01659617665869825,184.81854762039487,1.0001293966040086
square,128,12,20989967,106,3.2741410732269287,0.7544734477996826,3.3123060229730065e-05,4194304,203508,beta22,independent product integrals of fixed fields,151.52836614895648,151.00174161840965,0.003487539447575627,151.57597495101575,1.000007233749239,184.6490876010895,181.8948721003363,0.015141798495748237,184.3782912226838,0.9999615109444413,184.96204647350675,181.8948721003363,0.01686234657279695,184.80387401846056,1.0000112291468142
square,128,13,20990064,102,3.376783847808838,0.7396094799041748,1.123169498624731e-05,4194304,203508,beta22,independent product integrals of fixed fields,151.49501262377285,151.00174161840965,0.0032666577224633804,151.53919323138481,1.0000040849076381,184.41108004397384,181.8948721003363,0.013833308848033694,184.26720678824492,1.000013373452212,184.66191238712742,181.8948721003363,0.015212305079522905,184.55765087977397,0.9999711904864884
square,128,14,20990161,110,3.2791669368743896,0.7563982009887695,4.495245091500569e-05,4194304,203508,beta22,independent product integrals of fixed fields,151.41197127983932,151.00174161840965,0.002716721390315764,151.45963065490238,1.000008665485303,184.13539799383278,181.8948721003363,0.012317696852171676,183.84725420170224,0.9999644555197235,184.56215968946037,181.8948721003363,0.014663896559177056,184.41990102725276,0.9999859116627966
square,128,15,20990258,105,3.310736656188965,0.7739467620849609,2.469216656604999e-05,4194304,203508,beta22,independent product integrals of fixed fields,151.44597079659079,151.00174161840965,0.002941881155938754,151.48449015844207,1.0000027414627293,184.552868691331,181.8948721003363,0.014612817614388367,184.36607349902766,1.0000137227746646,185.1268286665625,181.8948721003363,0.01776826652069326,184.86389317321368,0.9999641442019056
square,128,16,20990355,103,3.2420194149017334,0.7038865089416504,2.8525411622435e-05,4194304,203508,beta22,independent product integrals of fixed fields,151.4346770548465,151.00174161840965,0.0028670890268994603,151.4804469247765,1.0000066597615191,184.54159518191065,181.8948721003363,0.014550839454750397,184.4029850272268,0.9999822890280986,184.98819958589175,181.8948721003363,0.017006128044385532,184.8057220154296,0.9999303269619212
square,128,17,20990452,99,3.146242380142212,0.6844351291656494,1.5995584705950583e-05,4194304,203508,beta22,independent product integrals of fixed fields,151.5107189741985,151.00174161840965,0.003370672088505268,151.5598206872931,1.0000071435174653,184.69804009153603,181.8948721003363,0.015410923677130676,184.5410470581224,0.999987717216415,184.945897348301,181.8948721003363,0.016773563832419118,184.6686179858516,0.999903879453398
square,128,18,20990549,103,3.2441582679748535,0.7558741569519043,2.1993500875785886e-05,4194304,203508,beta22,independent product integrals of fixed fields,151.46500354343266,151.00174161840965,0.00306792438324119,151.51535542198502,1.000015018770055,184.54401363751313,181.8948721003363,0.014564135352400257,184.30725837244827,1.000025769900389,184.59130398733987,181.8948721003363,0.014824122614716549,184.43700773689983,1.0000033094199443
square,128,19,20990646,109,3.3253610134124756,0.7222342491149902,4.0328132186287785e-05,4194304,203508,beta22,independent product integrals of fixed fields,151.44232337373325,151.00174161840965,0.002917726316276326,151.4803407670639,1.000002928351145,184.4758041022402,181.8948721003363,0.014189141079690347,184.33452171219884,1.000033394481253,184.7081462258869,181.8948721003363,0.015466483980915945,184.60356172755837,1.0000030465246887
square,256,0,21116803,150,10.461050987243652,3.3453714847564697,3.066118587893773e-05,4194304,203508,beta22,independent product integrals of fixed fields,151.3192760966563,151.00174161840965,0.0021028530852913664,151.35658049563384,0.9999981258542721,183.74315627820212,181.8948721003363,0.010161276986666651,183.57015795134296,0.9998993864087583,184.00842705450285,181.8948721003363,0.011619651119140251,183.8266986183728,0.999909660736699
square,256,1,21116900,144,10.657223224639893,3.2737514972686768,1.673500631994596e-05,4194304,203508,beta22,independent product integrals of fixed fields,151.32171487359258,151.00174161840965,0.002119003739649052,151.36673794015363,1.000001549602062,183.82528627741522,181.8948721003363,0.010612801530842863,183.5361737674167,0.9999591823191847,183.93177026507954,181.8948721003363,0.011198216536965634,183.78853374225164,0.9999266748828606
square,256,2,21116997,153,10.633739471435547,3.254706621170044,4.635083306567119e-05,4194304,203508,beta22,independent product integrals of fixed fields,151.3028894729001,151.00174161840965,0.0019943336498161475,151.3418748068698,1.0000029776787385,183.74249683347577,181.8948721003363,0.010157651569860022,183.65966332683593,0.9999190896092729,183.9199791035953,181.8948721003363,0.011133392491361228,183.86876471425342,1.0000280833032635
square,256,3,21117094,158,10.526063680648804,3.230830192565918,1.857304774181016e-05,4194304,203508,beta22,independent product integrals of fixed fields,151.33736377297015,151.00174161840965,0.0022226376395620244,151.38641714269727,1.0000036893497282,183.74338682461638,181.8948721003363,0.010162544457330315,183.45705337664788,1.0000190090081906,183.93117395895013,181.8948721003363,0.011194938236029912,183.80081504923297,0.9999281315933624
square,256,4,21117191,158,10.686005115509033,3.2828760147094727,6.290918899530103e-05,4194304,203508,beta22,independent product integrals of fixed fields,151.3246153684159,151.00174161840965,0.0021382120930906814,151.36335893224793,0.9999991552227527,183.7094458282228,181.8948721003363,0.009975947683041672,183.46510231006621,0.9999643881890172,183.80221209530765,181.8948721003363,0.010485947036039755,183.7922570352225,1.0000376947169989
square,256,5,21117288,147,10.66423487663269,3.251957893371582,7.076975543275667e-05,4194304,203508,beta22,independent product integrals of fixed fields,151.30988326712753,151.00174161840965,0.0020406496336748932,151.34802091219183,0.9999963280716848,183.69179560354482,181.8948721003363,0.00987891237647043,183.5332835452733,0.9999232475029933,184.05250151533423,181.8948721003363,0.011861958449316496,183.9630936304698,1.0000506667596791
square,256,6,21117385,144,10.624086380004883,3.2814393043518066,7.122899961969053e-05,4194304,203508,beta22,independent product integrals of fixed fields,151.31701681323312,151.00174161840965,0.002087891115985867,151.36045892752696,1.0000051039871038,184.23193149563505,181.8948721003363,0.012848407260263997,183.95507468906095,0.9999945844591112,184.21159095471427,181.8948721003363,0.012736581452939618,184.1090485507496,0.9999226279224203
square,256,7,21117482,149,10.746739864349365,3.5821521282196045,1.2622849299402565e-05,4194304,203508,beta22,independent product integrals of fixed fields,151.2822364862567,151.00174161840965,0.0018575604813609815,151.32311502882152,1.0000025104582662,183.73704533506591,181.8948721003363,0.010127680970101456,183.534943814448,0.9999173796609377,183.88042773314396,181.8948721003363,0.010915951669667709,183.67735649569417,1.0000434762607746
square,256,8,21117579,143,10.559358835220337,3.280503511428833,3.8172814757392595e-05,4194304,203508,beta22,independent product integrals of fixed fields,151.30755611392718,151.00174161840965,0.002025238200830392,151.34743628542068,0.9999978118821979,183.99399135129633,181.8948721003363,0.011540288226498874,183.81211460780642,0.9999658599945082,184.1883586508116,181.8948721003363,0.012608857654932578,184.11377498940237,0.9999132185228738
square,256,9,21117676,146,10.570747375488281,3.245053291320801,1.0718894697216578e-05,4194304,203508,beta22,independent product integrals of fixed fields,151.34301722434512,151.00174161840965,0.0022600772830679568,151.38377822724803,1.0000030671202282,184.1281613140508,181.8948721003363,0.012277911894528721,183.75801243571308,0.9999950413672319,183.99503807029262,181.8948721003363,0.011546042753738736,183.89459471022164,0.9999267289826881
square,256,10,21117773,150,10.566053628921509,3.308298349380493,1.8282948256092235e-05,4194304,203508,beta22,independent product integrals of fixed fields,151.34714738048993,151.00174161840965,0.002287428995045213,151.39472085087075,1.0000021834382538,183.93153910804025,181.8948721003363,0.011196945709280327,183.75284416480568,0.9999090813854382,184.17430221781333,181.8948721003363,0.012531579868945738,183.8266833266664,0.9999654370844933
square,256,11,21117870,153,10.54041314125061,3.2426042556762695,6.47522234871801e-05,4194304,203508,beta22,independent product integrals of fixed fields,151.3096014911075,151.00174161840965,0.0020387835888397428,151.35673896329473,0.9999999878665563,183.99340350283617,181.8948721003363,0.011537056423131528,183.6746103205526,0.999973443862881,184.02343487100714,181.8948721003363,0.011702159308244205,183.78376356321183,0.9999323517275718
square,256,12,21117967,145,10.524291276931763,3.9431090354919434,1.836852842017651e-05,4194304,203508,beta22,independent product integrals of fixed fields,151.29635223925536,151.00174161840965,0.001951041211102061,151.34087894347724,1.0000040340392065,183.80478803965195,181.8948721003363,0.010500108756568522,183.59182160726482,0.9998314295603679,184.0827568999517,181.8948721003363,0.01202829290541258,183.866601140585,0.999972172005505
square,256,13,21118064,134,10.922801971435547,3.362590789794922,1.0562983969941594e-05,4194304,203508,beta22,independent product integrals of fixed fields,151.33834177656303,151.00174161840965,0.002229114409845565,151.37739017379786,1.0000016476878666,184.16872952667242,181.8948721003363,0.012500942990200532,183.880800732573,0.9999776932717559,184.20451116375756,181.8948721003363,0.01269765902002571,184.10168851417473,0.9999376613966964
square,256,14,21118161,151,10.534385681152344,3.277916669845581,4.6170800824559756e-05,4194304,203508,beta22,independent product integrals of fixed fields,151.31254589980827,151.00174161840965,0.0020582827593077584,151.357606128378,0.9999968485120038,183.96441637371993,181.8948721003363,0.011377694431330816,183.64190611694897,0.9998956519054043,184.20061153039637,181.8948721003363,0.012676220079410412,183.99403235220362,1.0000039808181096
square,256,15,21118258,149,10.519234418869019,3.2809295654296875,5.248882524122082e-05,4194304,203508,beta22,independent product integrals of fixed fields,151.307844462109,151.00174161840965,0.0020271477694136495,151.3453438044981,1.0000022248231308,183.86296639673435,181.8948721003363,0.010819954810559012,183.5054574095037,0.9999223792249815,184.18323790285095,181.8948721003363,0.012580705415666396,183.98409044477992,0.9999827277287349
square,256,16,21118355,137,10.535888195037842,3.3096704483032227,2.262286005758734e-05,4194304,203508,beta22,independent product integrals of fixed fields,151.33942941765602,151.00174161840965,0.0022363172479144293,151.3803869816304,1.0000015356392469,184.34359851758876,181.8948721003363,0.013462316936025003,184.0115824491704,0.9999238471121615,184.400846901908,181.8948721003363,0.013777050296334754,184.27705138535964,1.0000119748695548
square,256,17,21118452,151,10.541760921478271,3.222062349319458,1.2763875093368143e-05,4194304,203508,beta22,independent product integrals of fixed fields,151.33758796619395,151.00174161840965,0.0022241223457740047,151.37759082732498,1.0000013423952205,184.08977312904224,181.8948721003363,0.012066865895456347,183.895778332378,0.9999829656826638,184.11147098587088,181.8948721003363,0.012186153792790082,183.99951212534668,0.9999938505930716
square,256,18,21118549,155,10.489464521408081,3.4275729656219482,1.083969151638674e-05,4194304,203508,beta22,independent product integrals of fixed fields,151.33362571211816,151.00174161840965,0.002197882555203904,151.3675246533748,0.9999955532407719,183.8806851808382,181.8948721003363,0.010917367034989885,183.53662225098313,0.9999191397519966,183.8564946202964,181.8948721003363,0.010784375047571564,183.80104518700256,0.9999696557856683
square,256,19,21118646,157,10.545349836349487,3.2303385734558105,7.244599987192252e-05,4194304,203508,beta22,independent product integrals of fixed fields,151.31657325190085,151.00174161840965,0.0020849536575994836,151.35927696421822,1.0000056822722723,183.76007992208864,181.8948721003363,0.010254317783755086,183.4894852399696,0.9999181349956543,183.921709665105,181.8948721003363,0.011142906566660438,183.83243610624078,1.000018971876527
square,384,0,21244803,196,23.001715898513794,7.6314780712127686,3.9655238023763594e-05,4194304,203508,beta22,independent product integrals of fixed fields,151.23467319445507,151.00174161840965,0.0015425754269381103,151.2770760765634,0.9999989150215058,183.3793480595015,181.8948721003363,0.008161175419757478,183.2452209596628,1.0000319762498198,183.42863903328202,181.8948721003363,0.00843216147456687,183.28852629366355,0.9999745556984863
square,384,1,21244900,187,22.979384183883667,7.19884991645813,3.12056910210589e-05,4194304,203508,beta22,independent product integrals of fixed fields,151.260128048484,151.00174161840965,0.0017111486748762846,151.3046558635969,1.0000016086379595,183.67543826579148,181.8948721003363,0.009788984949905535,183.28495282106985,0.9999298481649066,183.58557039332086,181.8948721003363,0.0092949200461899,183.4462769383698,1.0000097229701828
square,384,2,21244997,177,22.932475328445435,7.587631940841675,2.182280543084095e-05,4194304,203508,beta22,independent product integrals of fixed fields,151.2711980870911,151.00174161840965,0.00178445934327292,151.31659230612937,1.0000000303692145,183.73620891370592,181.8948721003363,0.010123082592201443,183.36795364384838,0.9999453068932816,183.58814937842573,181.8948721003363,0.009309098483850522,183.5425774671042,0.9999513167291857
square,384,3,21245094,175,22.934455156326294,7.308354377746582,4.0503342164146336e-05,4194304,203508,beta22,independent product integrals of fixed fields,151.2452712612778,151.00174161840965,0.0016127604904290014,151.284978921983,0.9999984693487998,183.74837849832576,181.8948721003363,0.010189987087525136,183.3927492392126,1.0000065310465354,183.83421328783194,181.8948721003363,0.010661879387264251,183.7585205557619,0.9999595358176192
square,384,4,21245191,178,22.954771995544434,7.603487253189087,3.286388422187011e-05,4194304,203508,beta22,independent product integrals of fixed fields,151.27575963657836,151.00174161840965,0.0018146679318518293,151.3112201344137,0.9999947374417748,183.64161454868974,181.8948721003363,0.009603032939762654,183.36787944139596,0.9999975379908015,183.7705269026547,181.8948721003363,0.010311751951334564,183.7232672207657,1.0000137405000444
square,384,5,21245288,195,22.87296199798584,7.3275840282440186,8.264646611492958e-05,4194304,203508,beta22,independent product integrals of fixed fields,151.2328784769109,151.00174161840965,0.0015306900173731458,151.27664909878465,1.0000033105986996,183.60021167581408,181.8948721003363,0.009375413148189715,183.28070838230323,0.9998883448332082,183.5021454968364,181.8948721003363,0.008836276569762184,183.38465574936524,1.000013543446412
square,384,6,21245385,190,22.90524983406067,7.265489816665649,7.564804046400157e-05,4194304,203508,beta22,independent product integrals of fixed fields,151.25242481334385,151.00174161840965,0.0016601344610162742,151.29402435085956,1.0000003776822632,183.58530362591532,181.8948721003363,0.009293453444067101,183.22811287120456,0.9999035319196439,183.71787676345076,181.8948721003363,0.01002229827627499,183.5345664709396,0.9999149187910048
square,384,7,21245482,180,22.888944149017334,6.92612361907959,3.947004488378917e-05,4194304,203508,beta22,independent product integrals of fixed fields,151.24547992163227,151.00174161840965,0.001614142331143139,151.2901105079448,1.0000051320306762,183.5098176433511,181.8948721003363,0.00887845558463012,183.28142527364653,0.9999892821421261,183.62157177120332,181.8948721003363,0.00949284414084276,183.50833670596256,1.0000292568386044
square,384,8,21245579,170,22.965193510055542,7.432557106018066,9.340348536097218e-05,4194304,203508,beta22,independent product integrals of fixed fields,151.29461386690838,151.00174161840965,0.0019395289442344992,151.32832755084752,0.9999979186594647,183.71915239463314,181.8948721003363,0.010029311289713197,183.5537603344126,0.9999396692450158,183.88757849624938,181.8948721003363,0.010955264284821973,183.60102441104408,0.9999381041463881
square,384,9,21245676,171,22.93014669418335,7.465454578399658,1.3116624070741669e-05,4194304,203508,beta22,independent product integrals of fixed fields,151.29435734258658,151.00174161840965,0.0019378301272602756,151.32835176121827,1.0000024935042717,183.66850486003014,181.8948721003363,0.009750867296113073,183.39163401925634,0.9999663031287145,183.72847556729363,181.8948721003363,0.010080567119813477,183.5424230640984,0.9999882822118752
square,384,10,21245773,188,22.814175605773926,7.353125810623169,4.934447165346875e-05,4194304,203508,beta22,independent product integrals of fixed fields,151.24817156874897,151.00174161840965,0.0016319676031423685,151.29250899247796,1.0000027163576481,183.5379573707098,181.8948721003363,0.009033158831806628,183.18805460576388,0.9998328007292612,183.61751529844545,181.8948721003363,0.009470542947241055,183.53125021460366,0.9999496753785329
square,384,11,21245870,194,22.857401609420776,7.378995180130005,2.3995267448589506e-05,4194304,203508,beta22,independent product integrals of fixed fields,151.24540833384475,151.00174161840965,0.001613668245303139,151.28384325287035,0.9999987715723802,183.54186563086145,181.8948721003363,0.009054645199764849,183.38081006789392,0.9999897835974885,183.57439475449124,181.8948721003363,0.009233479947848577,183.45893565466721,0.9999090911692761
square,384,12,21245967,172,21.932156085968018,6.282788515090942,3.586506668467488e-05,4194304,203508,beta22,independent product integrals of fixed fields,151.2963783688002,151.00174161840965,0.0019512142524495005,151.3329582427786,0.9999980890314613,183.81163008501593,181.8948721003363,0.01053772414003138,183.44077730138005,0.9999615854018328,183.60176807626627,181.8948721003363,0.00938396974153518,183.53167251177445,1.000039067008799
square,384,13,21246064,176,21.01296305656433,6.568654298782349,5.917317036582647e-05,4194304,203508,beta22,independent product integrals of fixed fields,151.2401817757264,151.00174161840965,0.0015790556768497251,151.28198842576893,1.0000032594125803,183.82598575956334,181.8948721003363,0.010616647060626328,183.41478792769632,0.9999635387265917,183.7273867593536,181.8948721003363,0.01007458120098328,183.50655493073154,0.9999623254683774
square,384,14,21246161,176,21.15597891807556,6.7452919483184814,2.3478577202908616e-05,4194304,203508,beta22,independent product integrals of fixed fields,151.28316339764564,151.00174161840965,0.0018636988965806342,151.33086286551136,0.999999225832797,183.45259512364925,181.8948721003363,0.008563864419738446,183.1967478095567,0.9999636957481411,183.71886689518553,181.8948721003363,0.010027741704796828,183.50226344965068,0.999986408352907
square,384,15,21246258,188,20.92772364616394,7.134237051010132,6.278824409081083e-05,4194304,203508,beta22,independent product integrals of fixed fields,151.26945430709628,151.00174161840965,0.0017729112645810063,151.30743064344693,0.9999984121497492,183.54357368070413,181.8948721003363,0.009064035513097785,183.3180810255116,0.9998942290963301,183.85593909814676,181.8948721003363,0.010781320963950564,183.52147116157113,0.999928052456937
square,384,16,21246355,175,21.04099750518799,7.416738510131836,3.3402036505714795e-05,4194304,203508,beta22,independent product integrals of fixed fields,151.26991911039215,151.00174161840965,0.0017759893966004662,151.31045543531837,1.000004065989962,183.77788022157458,181.8948721003363,0.01035217815376113,183.42504389456047,0.9998695480354489,183.7934905337745,181.8948721003363,0.010437998672062023,183.73571533564285,1.0001463559417907
square,384,17,21246452,193,21.09812021255493,7.519097566604614,2.8089231481262152e-05,4194304,203508,beta22,independent product integrals of fixed fields,151.2193674192044,151.00174161840965,0.0014412138460276084,151.25577347030904,0.999997366889022,183.3342174784203,181.8948721003363,0.007913061877247598,183.08648038209967,0.9999881723589376,183.61419843575106,181.8948721003363,0.009452307893904527,183.35763539633876,0.9999708067542705
square,384,18,21246549,181,21.17331576347351,7.457907199859619,2.1811416615867386e-05,4194304,203508,beta22,independent product integrals of fixed fields,151.2380598726731,151.00174161840965,0.0015650035008246985,151.2877056664771,0.9999982703193686,183.5684187103585,181.8948721003363,0.009200625562984694,183.22697033613994,0.9999910806710416,183.79518611565499,181.8948721003363,0.01044732044051489,183.6378908185299,0.9999591403320409
square,384,19,21246646,177,21.096272230148315,6.819237232208252,7.850003689529874e-05,4194304,203508,beta22,independent product integrals of fixed fields,151.27287015943003,151.00174161840965,0.0017955325423035995,151.3153776340521,1.000000066889669,183.76629411367608,181.8948721003363,0.01028848142737896,183.4291962328032,0.9999499485651699,183.85656960572598,181.8948721003363,0.010784787293550386,183.68971833075895,0.9998939431581959
square,512,0,21372803,191,33.8507399559021,11.814931869506836,8.396528424482764e-05,4194304,203508,beta22,independent product integrals of fixed fields,151.2390367382383,151.00174161840965,0.0015714727345880765,151.2840833929463,1.000002720181558,183.68387133464714,181.8948721003363,0.009835347273143542,183.38209058493624,1.0000091678597527,183.56562604038206,181.8948721003363,0.009185272354044923,183.44996620357205,0.9998497994880508
square,512,1,21372900,211,33.80849027633667,11.084290504455566,6.955909932175591e-05,4194304,203508,beta22,independent product integrals of fixed fields,151.21999521239368,151.00174161840965,0.0014453713688652044,151.26319377230146,0.9999936082523613,183.58652913446898,181.8948721003363,0.009300190899276852,183.20448635716204,0.9999016916883134,183.42442884751932,181.8948721003363,0.008409015215884113,183.29859498084215,0.9998906237613916
square,512,2,21372997,197,33.904664278030396,11.501016616821289,3.589609617868646e-05,4194304,203508,beta22,independent product integrals of fixed fields,151.2220578057577,151.00174161840965,0.0014590307700210812,151.25842770985926,0.9999932445137458,183.20904453430023,181.8948721003363,0.007224900948494099,182.96226801783737,0.999964774641007,183.35947653128108,181.8948721003363,0.00805192809469018,183.2382366882905,0.9999359773016628
square,512,3,21373094,200,33.837024450302124,10.624800205230713,3.422231306422306e-05,4194304,203508,beta22,independent product integrals of fixed fields,151.25551006632745,151.00174161840965,0.0016805663643210192,151.29632165284724,1.0000054990124583,183.56138685472013,181.8948721003363,0.009161966663164359,183.1785028024013,0.9999198435449985,183.54278483734535,181.8948721003363,0.009059698703875688,183.3874897891461,0.9999623060136429
square,512,4,21373191,201,33.73188304901123,10.615673542022705,6.533062442914039e-05,4194304,203508,beta22,independent product integrals of fixed fields,151.20596554030223,151.00174161840965,0.0013524607047822213,151.24590598900974,1.00000591289993,183.42932785725256,181.8948721003363,0.008435948409088888,183.04099920652476,0.9999524259725907,183.3761900573266,181.8948721003363,0.00814381373089603,183.14984687027155,0.9998542571889734
square,512,5,21373288,194,33.773983001708984,10.61604928970337,2.6188305174760778e-05,4194304,203508,beta22,independent product integrals of fixed fields,151.21745935417277,151.00174161840965,0.0014285777995081193,151.2575897122862,1.0000032323484114,183.4666492363399,181.8948721003363,0.008641129449413894,183.12943733104385,0.9999462986608336,183.3446485306205,181.8948721003363,0.007970408475751211,183.26090721809774,0.99995287162909
square,512,6,21373385,208,33.767009973526,10.603644609451294,3.8992422581757823e-05,4194304,203508,beta22,independent product integrals of fixed fields,151.20883418399592,151.00174161840965,0.0013714581260234758,151.25676383993712,1.0000057908099034,183.2775420513643,181.8948721003363,0.007601478453253416,182.97259714741875,0.9998554512941098,183.5068721160381,181.8948721003363,0.008862262014800445,183.18565011327541,0.9999919469269078
square,512,7,21373482,199,33.78137731552124,10.662034034729004,7.265532651755014e-05,4194304,203508,beta22,independent product integrals of fixed fields,151.25094024209747,151.00174161840965,0.0016503029767534559,151.29088483591676,0.9999993769817336,183.00923351566053,181.8948721003363,0.006126403688332262,182.88868692216596,0.999987187672213,183.21303097891658,181.8948721003363,0.007246817149705894,183.1819794521794,0.9999632101374883
square,512,8,21373579,214,33.74108910560608,10.648825645446777,4.644285403216827e-05,4194304,203508,beta22,independent product integrals of fixed fields,151.21831294432945,151.00174161840965,0.0014342306492536358,151.25854432510053,0.999999723324402,183.19348217758105,181.8948721003363,0.007139344074133164,183.0008403792054,0.9999805818478583,183.40506446515246,181.8948721003363,0.008302556016989392,183.07277289708605,0.9999628727870902
square,512,9,21373676,199,33.74711799621582,10.575141668319702,6.585468917434728e-05,4194304,203508,beta22,independent product integrals of fixed fields,151.19583641099035,151.00174161840965,0.001285381151902132,151.22730605599946,0.9999927601470628,183.36747556599258,181.8948721003363,0.008095904236618415,183.06701242562892,0.9999568538299848,183.39440097237093,181.8948721003363,0.00824393153429562,183.2708014448442,0.9999821134871099
square,512,10,21373773,201,33.79987812042236,10.546393156051636,1.7510881215381115e-05,4194304,203508,beta22,independent product integrals of fixed fields,151.20566756780394,151.00174161840965,0.001350487399738887,151.25267971251284,0.9999994192451402,183.37141646150909,181.8948721003363,0.008117570023405045,183.0097557042225,0.9999744550959078,183.22978375203755,181.8948721003363,0.007338918553816557,183.18480862994159,0.9999423287135158
square,512,11,21373870,197,33.68443536758423,10.764925718307495,2.469662282715672e-05,4194304,203508,beta22,independent product integrals of fixed fields,151.2090908180259,151.00174161840965,0.001373157669533666,151.25758556125777,1.0000040916435222,183.16740556720276,181.8948721003363,0.006995983186180817,183.02255686331523,0.9999666509613936,183.38413989980484,181.8948721003363,0.008187519429613333,183.13220246379834,0.999986291322861
square,512,12,21373967,197,33.7831130027771,10.592840194702148,3.220081029150346e-05,4194304,203508,beta22,independent product integrals of fixed fields,151.2323426433943,151.00174161840965,0.0015271414919663198,151.26448467336596,0.9999954480157882,183.55298473238156,181.8948721003363,0.009115774474008352,183.18797678868475,0.9999354467368645,183.49296911374523,181.8948721003363,0.008785827741902445,183.4273161093064,1.0000065836071794
square,512,13,21374064,204,33.81240272521973,10.633530378341675,5.807211146523568e-05,4194304,203508,beta22,independent product integrals of fixed fields,151.22795070700798,151.00174161840965,0.0014980561560009546,151.2703625947638,0.9999997845134254,183.50378972398013,181.8948721003363,0.008845316006249626,183.15763175944,0.9999330530340839,183.54476882862255,181.8948721003363,0.009070606055217102,183.39850400526322,0.9999524123580354
square,512,14,21374161,200,33.76278305053711,10.583131790161133,6.118991766951008e-05,4194304,203508,beta22,independent product integrals of fixed fields,151.22437461894847,151.00174161840965,0.0014743737267708303,151.26180901879198,1.0000017462473987,183.46015370657057,181.8948721003363,0.008605419098185622,183.08395571141358,0.9999019155115688,183.49012254889712,181.8948721003363,0.00877017823614539,183.37323784140298,1.0000847592369544
square,512,15,21374258,204,34.10641646385193,10.569643497467041,1.1721916598108052e-05,4194304,203508,beta22,independent product integrals of fixed fields,151.24282127424206,151.00174161840965,0.0015965355978584045,151.2824930368148,1.0000013059505908,183.27323159226685,181.8948721003363,0.007577780923753729,183.07420449139906,0.9999180472378577,183.39263586248083,181.8948721003363,0.00823422752301856,183.20880069345483,1.000004457640457
square,512,16,21374355,194,33.72101187705994,10.625788450241089,8.056634452151601e-05,4194304,203508,beta22,independent product integrals of fixed fields,151.22880617152455,151.00174161840965,0.0015037214185827446,151.2620213634998,0.9999974835905057,183.6643330337818,181.8948721003363,0.009727931925807244,183.272775778752,0.9998969503933979,183.68128829681206,181.8948721003363,0.009821146554864605,183.44105299325207,0.9999177713902184
square,512,17,21374452,203,33.75316333770752,10.62075138092041,2.46412775008076e-05,4194304,203508,beta22,independent product integrals of fixed fields,151.23823321724458,151.00174161840965,0.0015661514648788572,151.27353971100453,1.000001083931934,183.44437554713156,181.8948721003363,0.008518675809291226,183.25257432100264,0.999988008843786,183.55567058033563,181.8948721003363,0.009130540409535044,183.26232530425634,0.9999770079094908
square,512,18,21374549,203,33.76615762710571,10.578146934509277,2.0759719219638783e-05,4194304,203508,beta22,independent product integrals of fixed fields,151.1996157343026,151.00174161840965,0.001310409494434729,151.24099376543683,0.99999734347076,183.37602894382692,181.8948721003363,0.008142927980254398,183.12996858296614,0.9998580954811844,183.58384175079033,181.8948721003363,0.009285416520826175,183.38738183248122,0.9999970441541648
square,512,19,21374646,196,33.78793740272522,10.599442720413208,4.9352844737547555e-05,4194304,203508,beta22,independent product integrals of fixed fields,151.2376966431066,151.00174161840965,0.0015625980347512905,151.2781942753202,0.9999956389911273,183.33909996597248,181.8948721003363,0.0079399042367699,183.00516887059206,0.9998686302905878,183.34544800819583,181.8948721003363,0.00797480374850462,183.2849709582914,1.0000548698284701
exp,128,0,20688803,106,2.924811601638794,0.49825024604797363,4.384910054760788e-05,4194304,203457,beta22,independent product integrals of fixed fields,145.33171612397052,145.07515681305517,0.0017684579258870196,145.33996298756773,0.9999640687138005,178.18264073653916,175.80339130007061,0.013533581001332966,178.01267836051431,0.9999438226407765,178.27759099447275,175.80339130007061,0.01407367443884535,178.0980996459959,1.000023177208458
exp,128,1,20688900,99,2.748727321624756,0.49643850326538086,2.4541778960354198e-05,4194304,203457,beta22,independent product integrals of fixed fields,145.35743696024363,145.07515681305517,0.0019457511085251278,145.3612182542043,0.9999705153493701,178.54478576589537,175.80339130007061,0.015593524365781977,178.33761515624093,1.0000046984631568,178.6839946291267,175.80339130007061,0.01638536838085964,178.49497139008446,1.0000185741199397
exp,128,2,20688997,106,2.759875535964966,0.5065872669219971,4.6601819503941835e-05,4194304,203457,beta22,independent product integrals of fixed fields,145.37097192681014,145.07515681305517,0.0020390473479629492,145.37473858034497,0.9999697220249277,178.19951977361467,175.80339130007061,0.013629591874335422,178.06559871442917,0.9999959796078974,178.3959787760757,175.80339130007061,0.014747084551855581,178.2289033421178,0.9999810331219097
exp,128,3,20689094,107,2.76518177986145,0.497852087020874,6.320916720743546e-05,4194304,203457,beta22,independent product integrals of fixed fields,145.3529904838933,145.07515681305517,0.0019151016407044311,145.3555851133414,0.9999738536600217,178.10173274721276,175.80339130007061,0.013073362408687656,177.78673212501383,0.9999182464351654,178.33701842489083,175.80339130007061,0.014411707908954291,178.20711679534432,0.9999342368780019
exp,128,4,20689191,102,2.7745933532714844,0.49216222763061523,6.105711497728866e-05,4194304,203457,beta22,independent product integrals of fixed fields,145.29110901272483,145.07515681305517,0.0014885539634324554,145.30141057958033,0.99996488322279,178.18024674347183,175.80339130007061,0.013519963556017346,177.9908334752764,0.9999852165269406,178.28101435765996,175.80339130007061,0.014093147118876685,178.0564258921288,0.9999873860810264
exp,128,5,20689288,104,2.769893169403076,0.5100793838500977,3.1239199764263816e-05,4194304,203457,beta22,independent product integrals of fixed fields,145.39266415678887,145.07515681305517,0.002188571432273804,145.39674869479657,0.999970839756908,178.17343212609725,175.80339130007061,0.01348120083748172,178.08286924666356,0.9999724430140446,178.48527004943946,175.80339130007061,0.015254988709468495,178.2194053977096,0.999943658472921
exp,128,6,20689385,104,2.7864890098571777,0.5058064460754395,3.4008160352104774e-05,4194304,203457,beta22,independent product integrals of fixed fields,145.3627741756279,145.07515681305517,0.0019825404217439055,145.3645637631646,0.9999632397681738,178.15738384330592,175.80339130007061,0.013389915438078137,177.9439077087413,0.9999478621222652,178.40171644402201,175.80339130007061,0.014779721396366234,178.2392110142643,0.9999405938454821
exp,128,7,20689482,101,2.783590078353882,0.49424147605895996,0.0001071404379680083,4194304,203457,beta22,independent product integrals of fixed fields,145.3505124071367,145.07515681305517,0.0018980203098202186,145.35131782494148,0.9999676998317796,177.8330232349844,175.80339130007061,0.011544896374891372,177.67788118603207,0.9999829132211611,178.50044510195147,175.80339130007061,0.015341307024489534,178.25235239393388,1.000007315474165
exp,128,8,20689579,104,2.7722439765930176,0.49849796295166016,4.5846758802954445e-05,4194304,203457,beta22,independent product integrals of fixed fields,145.35533537512956,145.07515681305517,0.0019312649266023047,145.3614763810375,0.9999670148393013,178.37346932672915,175.80339130007061,0.014619046923115317,178.15899386471915,0.9999771480731561,178.35244992907403,175.80339130007061,0.014499484965295932,178.24163177051648,0.9999714320632693
exp,128,9,20689676,103,2.777311086654663,0.49744510650634766,3.8833809220659576e-05,4194304,203457,beta22,independent product integrals of fixed fields,145.36629641585307,145.07515681305517,0.0020068191494224097,145.3723266585925,0.99997044171972,178.5290275114256,175.80339130007061,0.015503888697475238,178.2448010580841,0.999928550328346,178.51106558368258,175.80339130007061,0.0154017181556547,178.37016595731436,0.9999430857491743
exp,128,10,20689773,103,2.7663464546203613,0.49953746795654297,1.7662366437285586e-05,4194304,203457,beta22,independent product integrals of fixed fields,145.38309224766905,145.07515681305517,0.0021225924643368753,145.39857432262838,0.9999718563729404,178.22532845965875,175.80339130007061,0.013776396130233052,178.09431771098699,0.9999886927345631,178.34269957915765,175.80339130007061,0.014444023293912523,178.37512134772234,0.9999854405385126
exp,128,11,20689870,101,2.7632060050964355,0.5036532878875732,3.767572343755099e-05,4194304,203457,beta22,independent product integrals of fixed fields,145.33350299779147,145.07515681305517,0.0017807748094954916,145.3360812130986,0.9999698532489094,178.67631835567934,175.80339130007061,0.016341704414023855,178.38355457473227,0.9999346198478136,178.5765429684932,175.80339130007061,0.015774164809421724,178.40497993472243,0.9999637347025587
exp,128,12,20689967,106,2.756023406982422,0.4901289939880371,1.954913591656506e-05,4194304,203457,beta22,independent product integrals of fixed fields,145.33801063523745,145.07515681305517,0.0018118458594602422,145.34977227137617,0.9999687967950901,178.09193846983078,175.80339130007061,0.013017650870306307,177.92661451447148,0.999934027296904,178.41884838662597,175.80339130007061,0.014877170839617938,178.23099160931304,0.999990155643319
exp,128,13,20690064,108,2.773766279220581,0.5028126239776611,4.1275016151494984e-05,4194304,203457,beta22,independent product integrals of fixed fields,145.34298074362732,145.07515681305517,0.0018461047118995622,145.3536624177751,0.9999655285097198,178.24167294479625,175.80339130007061,0.013869366379649898,178.0400558256835,0.9999982709369225,178.31200539258677,175.80339130007061,0.0142694294687087,178.1562839072234,0.9999027628513307
exp,128,14,20690161,102,2.7618465423583984,0.5051717758178711,6.393838814005374e-05,4194304,203457,beta22,independent product integrals of fixed fields,145.3778593183968,145.07515681305517,0.0020865219930913353,145.38303139025965,0.9999669877989161,178.37016768048562,175.80339130007061,0.014600266590044876,178.07116597624852,0.9999021655438751,178.5642802818991,175.80339130007061,0.015704412533863205,178.4313055289703,0.9999211023843367
exp,128,15,20690258,111,2.7875144481658936,0.49471521377563477,3.7222369273615765e-05,4194304,203457,beta22,independent product integrals of fixed fields,145.33616737901832,145.07515681305517,0.0017991403331687394,145.34149644735407,0.9999762765314436,177.96532817170402,175.80339130007061,0.012297469665663568,177.72613614334944,0.9999617929273718,178.25905014375067,175.80339130007061,0.013968210883307738,178.0337271857729,1.000008452281786
exp,128,16,20690355,101,2.7857906818389893,0.49884676933288574,2.5371754087030813e-05,4194304,203457,beta22,independent product integrals of fixed fields,145.34661391511747,145.07515681305517,0.0018711480864508129,145.34376698407172,0.9999647435721286,178.46981143814835,175.80339130007061,0.015167057463223515,178.24585022889227,0.9999133921079263,178.7049833570971,175.80339130007061,0.01650475588422458,178.56550505817253,0.9999913259875394
exp,128,17,20690452,110,2.774671792984009,0.49837231636047363,4.646805123753763e-05,4194304,203457,beta22,independent product integrals of fixed fields,145.34114051256964,145.07515681305517,0.0018334200379821945,145.33542636934055,0.9999720340083404,178.02096510161104,175.80339130007061,0.01261394211534493,177.75418476840997,0.9998980199950819,178.39479705557315,175.80339130007061,0.014740362721896447,178.18195847377254,0.9999500502401332
exp,128,18,20690549,110,2.7812600135803223,0.493898868560791,4.5843806061457654e-05,4194304,203457,beta22,independent product integrals of fixed fields,145.4027240882359,145.07515681305517,0.002257914327832476,145.41183291171043,0.9999671824218076,178.1500932868712,175.80339130007061,0.013348445496111652,177.94188886247838,0.999837265322741,178.12690502805128,175.80339130007061,0.013216546682053309,178.11033538050566,1.000004665028747
exp,128,19,20690646,104,2.774298667907715,0.4891242980957031,6.051061704042715e-05,4194304,203457,beta22,independent product integrals of fixed fields,145.3678054009415,145.07515681305517,0.0020172205518512185,145.37437708740927,0.9999715595857286,178.1291736818796,175.80339130007061,0.013229451176167632,177.82471137463727,0.999964827067827,178.2417144664358,175.80339130007061,0.013869602561894463,178.16478336423992,0.9999643606934147
exp,256,0,20816803,152,9.287734508514404,2.1290624141693115,4.954919530459114e-05,4194304,203457,beta22,independent product integrals of fixed fields,145.25411934928852,145.07515681305517,0.0012335849925287678,145.25007476800505,0.9999674837300501,177.49368760643452,175.80339130007061,0.009614696814800443,177.33882817887832,0.9999881970469626,177.80829333598726,175.80339130007061,0.011404228445710525,177.7073842841853,1.0000080025098217
exp,256,1,20816900,151,9.451090812683105,2.1528708934783936,3.238479960360031e-05,4194304,203457,beta22,independent product integrals of fixed fields,145.23648055423118,145.07515681305517,0.0011120011497481143,145.2376121760723,0.9999684166708132,177.36574013644156,175.80339130007061,0.008886909546040803,177.22361135707192,0.9999983707023032,177.71924016967998,175.80339130007061,0.010897678682086909,177.45130089796038,0.9999880771969789
exp,256,2,20816997,145,9.485846996307373,2.113034725189209,6.75361554760357e-05,4194304,203457,beta22,independent product integrals of fixed fields,145.26975532852762,145.07515681305517,0.0013413634680623549,145.27001397125073,0.9999658344987739,177.45065800862585,175.80339130007061,0.009369937043726267,177.18291623743232,0.9999837211392946,177.8900650069846,175.80339130007061,0.011869359808607665,177.73803058539298,0.9999534336456944
exp,256,3,20817094,153,9.49078893661499,2.1412570476531982,2.2664793396834456e-05,4194304,203457,beta22,independent product integrals of fixed fields,145.2521153267535,145.07515681305517,0.0012197713074083936,145.25345259173469,0.9999668139150921,177.51465060630167,175.80339130007061,0.009733937972278292,177.26153491965752,0.9999752777024848,177.7134229559702,175.80339130007061,0.010864589367559145,177.52430664015031,0.9999529599772681
exp,256,4,20817191,154,9.490076780319214,2.1330764293670654,5.4691748542932725e-05,4194304,203457,beta22,independent product integrals of fixed fields,145.24814585091045,145.07515681305517,0.00119240979403654,145.24934090743724,0.9999653625341829,177.57694482573186,175.80339130007061,0.010088278232551534,177.41317854795665,0.9999860456211653,177.65017203983336,175.80339130007061,0.010504807251474265,177.5062844823696,0.999999937479314
exp,256,5,20817288,152,9.498944282531738,2.1426331996917725,2.238739309918503e-05,4194304,203457,beta22,independent product integrals of fixed fields,145.24592749830273,145.07515681305517,0.0011771187362397083,145.2423139602454,0.9999614666539012,177.26183997388193,175.80339130007061,0.008295907507961326,177.1527818427891,0.9999332950972237,177.61425746889276,175.80339130007061,0.010300518979928331,177.4707434872169,0.9999080178348015
exp,256,6,20817385,156,9.490938425064087,2.1217260360717773,1.724444573510176e-05,4194304,203457,beta22,independent product integrals of fixed fields,145.25627315894383,145.07515681305517,0.0012484311571142517,145.2555027589503,0.9999639639292883,177.34819392634128,175.80339130007061,0.008787103677846093,177.1183820055454,0.9999189332941114,177.5864085271081,175.80339130007061,0.010142109397617519,177.26941912547346,0.9999753778250979
exp,256,7,20817482,153,9.51048231124878,2.1074347496032715,4.656538657969315e-05,4194304,203457,beta22,independent product integrals of fixed fields,145.23836047864117,145.07515681305517,0.0011249594291068156,145.23354217436616,0.9999652519066454,177.56295239863047,175.80339130007061,0.010008686894762708,177.3620088632664,1.0000137366628632,177.45149842818466,175.80339130007061,0.009374717495073638,177.457548532582,0.9999853862918813
exp,256,8,20817579,147,9.519888162612915,2.1246042251586914,3.858291078201966e-05,4194304,203457,beta22,independent product integrals of fixed fields,145.27377987944334,145.07515681305517,0.0013691046127498772,145.27319449984833,0.9999665890741927,177.35051622152528,175.80339130007061,0.008800313293239902,177.19653250628699,0.9999854469602293,177.5487409860402,175.80339130007061,0.009927849929757784,177.35439973858317,0.9999768044611306
exp,256,9,20817676,152,9.509882926940918,2.135233163833618,2.6251853364604512e-05,4194304,203457,beta22,independent product integrals of fixed fields,145.21367948021123,145.07515681305517,0.0009548338268181529,145.2069812070465,0.9999636148944075,177.66959033973785,175.80339130007061,0.010615261889242559,177.5103470400569,1.0000121903592794,177.72488078533155,175.80339130007061,0.010929763476412318,177.6072499560636,0.9999707918441425
exp,256,10,20817773,150,9.499526739120483,2.1308906078338623,4.391132049887787e-05,4194304,203457,beta22,independent product integrals of fixed fields,145.2582834521159,145.07515681305517,0.0012622880656038811,145.25976422484814,0.9999721228223061,177.73233367938337,175.80339130007061,0.010972156822733507,177.5597571728158,0.9998875954156065,177.94186934720952,175.80339130007061,0.012164031827399934,177.69821427893706,0.9999907249294446
exp,256,11,20817870,147,9.515473365783691,2.1320810317993164,4.801357704458093e-05,4194304,203457,beta22,independent product integrals of fixed fields,145.2447799040899,145.07515681305517,0.0011692083935040249,145.24169813626366,0.9999677221764274,177.5820094033871,175.80339130007061,0.010117086423439062,177.2945433438618,0.999997532736524,177.7918163822355,175.80339130007061,0.011310504691976872,177.5289838787469,0.9999463483384337
exp,256,12,20817967,144,9.488775968551636,2.116338014602661,5.716726964694094e-05,4194304,203457,beta22,independent product integrals of fixed fields,145.26415323449814,145.07515681305517,0.0013027483519215315,145.2583914604618,0.9999656944781521,177.74886398553065,175.80339130007061,0.011066184054091401,177.58071156644863,0.9999340157546031,178.06051395332008,175.80339130007061,0.012838902802488549,177.79297799527322,0.9999373879429647
exp,256,13,20818064,152,9.505440950393677,2.1130940914154053,9.632990059628915e-05,4194304,203457,beta22,independent product integrals of fixed fields,145.25351653287984,145.07515681305517,0.001229429791721715,145.26268596935574,0.9999669469237539,177.40302587391568,175.80339130007061,0.009098997249232377,177.16973846526088,0.9998906242802474,177.72164423482815,175.80339130007061,0.010911353419134878,177.45509645209893,1.0000267142574422
exp,256,14,20818161,142,9.517399072647095,2.109541654586792,3.480829706471103e-05,4194304,203457,beta22,independent product integrals of fixed fields,145.25242057083025,145.07515681305517,0.001221875348399611,145.24996277848763,0.9999699283507131,177.76606640321256,175.80339130007061,0.011164034371737169,177.5315433136022,0.9999952889395345,177.81528326149572,175.80339130007061,0.011443988347136617,177.6418428601255,0.9999428110245097
exp,256,15,20818258,145,9.52901816368103,2.153808832168579,4.5024808522533695e-05,4194304,203457,beta22,independent product integrals of fixed fields,145.28812171164805,145.07515681305517,0.0014679625600356957,145.28089925773304,0.9999653827000741,177.53819237260032,175.80339130007061,0.00986784759782395,177.34081798021003,1.0000129888878933,177.76510772803593,175.80339130007061,0.011158581262047166,177.5347525527698,0.999976839520031
exp,256,16,20818355,136,9.496705293655396,2.110474109649658,4.1087862957315756e-05,4194304,203457,beta22,independent product integrals of fixed fields,145.23550555514623,145.07515681305517,0.0011052805015932957,145.236072804094,0.9999692195245642,177.68482142516692,175.80339130007061,0.010701898929156468,177.42704185753027,0.9998887448272629,177.91318111966683,175.80339130007061,0.012000848242996144,177.85773202024308,0.9999927745615131
exp,256,17,20818452,148,9.506303071975708,2.139241933822632,4.484322621989481e-05,4194304,203457,beta22,independent product integrals of fixed fields,145.2395621297891,145.07515681305517,0.0011332423851575597,145.24105930019638,0.999963079479131,177.76700377439005,175.80339130007061,0.01116936630060699,177.51216580301994,0.9998830474518795,177.88276683525623,175.80339130007061,0.011827846549538,177.70257814153,1.0000053472035466
exp,256,18,20818549,154,9.486718893051147,2.095999240875244,4.0853287553511875e-05,4194304,203457,beta22,independent product integrals of fixed fields,145.24945825560783,145.07515681305517,0.0012014561719706912,145.25616398396988,0.9999714377831379,177.21011889771762,175.80339130007061,0.008001709109501352,176.99883343624816,0.9999727085136583,177.5463046452533,175.80339130007061,0.009913991603311986,177.21659497282943,0.9999955660330954
exp,256,19,20818646,155,9.524386167526245,2.1274290084838867,7.822268311888017e-05,4194304,203457,beta22,independent product integrals of fixed fields,145.2319858217913,145.07515681305517,0.001081019053718687,145.22434354255256,0.9999617127722753,177.60136912741189,175.80339130007061,0.010227207871504515,177.29880963946366,0.9999426008224497,177.52734583987842,175.80339130007061,0.009806150649649691,177.3939469341838,0.999893201095292
exp,384,0,20944803,171,20.914679050445557,4.808705806732178,3.717092296554468e-05,4194304,203457,beta22,independent product integrals of fixed fields,145.22593799457283,145.07515681305517,0.001039331508095185,145.22005993849643,0.9999641183328178,177.3804824479593,175.80339130007061,0.008970766355677583,177.17412317055144,0.9999290278149743,177.47093346622287,175.80339130007061,0.009485267342232375,177.20255566360393,1.0000623781097258
exp,384,1,20944900,163,20.896296501159668,4.85303807258606,2.9008968260752783e-05,4194304,203457,beta22,independent product integrals of fixed fields,145.21539511644855,145.07515681305517,0.0009666596712632648,145.2086111894237,0.9999654494060697,177.37022376877104,175.80339130007061,0.008912413219754518,177.17566781070437,0.9999486183340374,177.41574108817804,175.80339130007061,0.009171323580188384,177.31147239375315,0.9999520515559639
exp,384,2,20944997,177,20.837742567062378,4.830219745635986,2.752619014234935e-05,4194304,203457,beta22,independent product integrals of fixed fields,145.21741215211952,145.07515681305517,0.0009805630556557648,145.21995307034229,0.9999672029392543,177.19387711770253,175.80339130007061,0.007909323064528129,177.09191465653169,1.0000057114516434,177.28314521192817,175.80339130007061,0.00841709537520715,177.24255703050926,0.9999327824406092
exp,384,3,20945094,185,20.853950023651123,4.85627293586731,4.345050073972717e-05,4194304,203457,beta22,independent product integrals of fixed fields,145.2164331041703,145.07515681305517,0.0009738144987648221,145.20955010272908,0.999966219143414,177.25925657979124,175.80339130007061,0.008281212716970162,177.00320561837864,0.999897872495104,177.36974321465618,175.80339130007061,0.008909679745096807,177.1861516956985,0.9999838162436125
exp,384,4,20945191,172,20.85343289375305,4.849092960357666,1.227887654160889e-05,4194304,203457,beta22,independent product integrals of fixed fields,145.21606128253617,145.07515681305517,0.0009712515400729231,145.20782568489784,0.9999634783313529,177.32298283686052,175.80339130007061,0.008643698654232349,177.2890327109978,0.9999373281127525,177.476217342834,175.80339130007061,0.00951532294339025,177.36168400276824,0.9999496545661493
exp,384,5,20945288,190,21.00252056121826,4.840515613555908,4.3297734967284694e-05,4194304,203457,beta22,independent product integrals of fixed fields,145.2193410642788,145.07515681305517,0.000993859006538464,145.22125948773538,0.9999652398628918,177.14785878132062,175.80339130007061,0.007647562833160584,177.03037587184502,1.0000013857487438,177.31544120055156,175.80339130007061,0.008600800526652517,177.13818775412125,1.0000016812955184
exp,384,6,20945385,186,20.859466314315796,4.8268468379974365,4.591548871699026e-05,4194304,203457,beta22,independent product integrals of fixed fields,145.22418350608135,145.07515681305517,0.001027237855880517,145.22645312802078,0.9999709108970021,177.09588271945432,175.80339130007061,0.007351914032065598,176.9578161391039,0.9999396480847542,177.37923786004032,175.80339130007061,0.008963686925014806,177.14014085904932,0.9999690922950295
exp,384,7,20945482,173,20.83982491493225,4.8354332447052,5.409779065720158e-05,4194304,203457,beta22,independent product integrals of fixed fields,145.2114570806472,145.07515681305517,0.0009395148734366519,145.2050778070293,0.9999656110888777,177.45315634595985,175.80339130007061,0.009384148017220739,177.2294835257952,0.9999355547275021,177.45556624909258,175.80339130007061,0.009397855961731413,177.35314960331243,0.9999732510369521
exp,384,8,20945579,175,20.870441198349,4.822395324707031,4.5752344388161006e-05,4194304,203457,beta22,independent product integrals of fixed fields,145.24421714588772,145.07515681305517,0.0011653293130704386,145.24150809294062,0.9999648309988305,177.37873492904257,175.80339130007061,0.008960826166789181,177.17096027431774,0.9999381618734564,177.4852884813922,175.80339130007061,0.009566921143465442,177.29024982165754,0.999929706494026
exp,384,9,20945676,181,20.866287231445312,4.837399959564209,3.438303330797931e-05,4194304,203457,beta22,independent product integrals of fixed fields,145.20518794753434,145.07515681305517,0.0008963018709449133,145.20050497859793,0.999964870848266,177.13027792392376,175.80339130007061,0.00754755988516934,176.94607646927267,0.999935075012007,177.39146983093215,175.80339130007061,0.009033264484363217,177.18346393203873,0.9999581426217177
exp,384,10,20945773,177,20.85731267929077,4.8345627784729,7.090336409104431e-05,4194304,203457,beta22,independent product integrals of fixed fields,145.21867557622798,145.07515681305517,0.0009892718114221737,145.21059276846725,0.9999625044905405,177.41645202909376,175.80339130007061,0.009175367534690435,177.15771778707287,0.9999180682744542,177.46215085992839,175.80339130007061,0.009435310363419049,177.32076576312824,0.9999400668938501
exp,384,11,20945870,188,20.85478925704956,4.838320255279541,4.246014092145298e-05,4194304,203457,beta22,independent product integrals of fixed fields,145.1959614608504,145.07515681305517,0.0008327038925824429,145.19270468625777,0.999965519925009,177.12301817229041,175.80339130007061,0.007506265166224184,176.93038523609576,1.000001044194192,177.25526407760708,175.80339130007061,0.008258502676198841,177.03154530708716,0.9999840441523753
exp,384,12,20945967,187,20.85498332977295,4.850091218948364,2.775219767780958e-05,4194304,203457,beta22,independent product integrals of fixed fields,145.2092072983674,145.07515681305517,0.0009240071715722361,145.2066227148716,0.9999637245324823,177.08530087796552,175.80339130007061,0.007291722693260655,176.8935470794939,0.9999120843012854,177.11110425851382,175.80339130007061,0.0074384967705835095,176.9679003472811,0.9999430090044126
exp,384,13,20946064,184,20.97596788406372,4.86108660697937,7.365965325562397e-05,4194304,203457,beta22,independent product integrals of fixed fields,145.205586383857,145.07515681305517,0.0008990482841241762,145.19540842997506,0.9999619396556638,177.20904348129966,175.80339130007061,0.007995591955503303,177.06928848425267,0.9999511730618458,177.41515498514374,175.80339130007061,0.009167989725079219,177.12728998361706,0.9999783719998627
exp,384,14,20946161,165,20.867767333984375,4.81717324256897,5.818295121489712e-05,4194304,203457,beta22,independent product integrals of fixed fields,145.22954714391884,145.07515681305517,0.0010642092985128485,145.23046831215322,0.9999680988581782,177.34566794935213,175.80339130007061,0.008772735485227804,177.15078981171627,0.9999272847720029,177.63225468764625,175.80339130007061,0.010402890263100987,177.40256040361314,0.9998952444022029
exp,384,15,20946258,174,20.871602773666382,4.834440469741821,3.9157818281624796e-05,4194304,203457,beta22,independent product integrals of fixed fields,145.22489503497715,145.07515681305517,0.0010321424095714223,145.22587223275028,0.9999630428913665,177.31196172418035,175.80339130007061,0.008581008665156101,177.0916017003425,0.9999607477008161,177.548135813763,175.80339130007061,0.009924407605507215,177.40576882993676,1.000017663685974
exp,384,16,20946355,176,20.854571104049683,4.857349634170532,2.424513468697047e-05,4194304,203457,beta22,independent product integrals of fixed fields,145.21928823386799,145.07515681305517,0.000993494847629499,145.2169651617092,0.9999662093597097,177.0002110295734,175.80339130007061,0.0068077169652545665,176.96839118590765,0.9999785181961189,177.23960828355706,175.80339130007061,0.008169449820424876,177.1089573990099,0.99998723344663
exp,384,17,20946452,176,20.99932026863098,4.862746238708496,3.443412707751109e-05,4194304,203457,beta22,independent product integrals of fixed fields,145.22149009187933,145.07515681305517,0.0010086722085210272,145.21643317764665,0.9999664378065798,177.00113911320315,175.80339130007061,0.006812996064951654,176.95046783452938,0.9999720670400892,177.22111064565829,175.80339130007061,0.008064232066876523,177.1351117626106,0.9999629313147779
exp,384,18,20946549,190,20.853538513183594,4.85356593132019,3.5730890268016633e-05,4194304,203457,beta22,independent product integrals of fixed fields,145.20436045139687,145.07515681305517,0.0008905979574999562,145.2024752259961,0.9999663847521234,177.21958218450902,175.80339130007061,0.00805553791633733,176.99190154815903,0.9999625470863396,177.2479875331421,175.80339130007061,0.008217112436732038,177.09670619370547,0.9999671048138247
exp,384,19,20946646,184,21.016767024993896,4.858714580535889,6.714809996244105e-05,4194304,203457,beta22,independent product integrals of fixed fields,145.21759601302557,145.07515681305517,0.0009818304050082485,145.22051670372122,0.9999663905483848,177.2874491472281,175.80339130007061,0.008441576901235188,176.9752760653828,0.9999608330545358,177.2162071403785,175.80339130007061,0.008036340083431053,177.14578813350406,1.0001015406243654
exp,512,0,21072803,201,33.67715072631836,8.535610914230347,6.150024666644044e-05,4194304,203457,beta22,independent product integrals of fixed fields,145.1945875281438,145.07515681305517,0.0008232334033768404,145.18877851848487,0.9999661300271572,176.881110077496,175.80339130007061,0.006130250215627985,176.6457590267801,0.9999729566944077,177.1847630906945,175.80339130007061,0.007857480907555923,176.9738344032286,0.9999401223661749
exp,512,1,21072900,205,33.800549030303955,8.5070059299469,5.629983201600232e-05,4194304,203457,beta22,independent product integrals of fixed fields,145.21548399105947,145.07515681305517,0.0009672722820842789,145.20540840728333,0.9999686002992045,177.05032239651825,175.80339130007061,0.007092759060144128,176.7961344241136,0.9999984106040222,177.1410110292544,175.80339130007061,0.007608611638786107,176.95196458649966,0.9998795456068048
exp,512,2,21072997,192,33.69751691818237,8.488044500350952,5.7620010991282646e-05,4194304,203457,beta22,independent product integrals of fixed fields,145.21398545472317,145.07515681305517,0.0009569429026838444,145.21817890518614,0.9999670113467425,177.20608536701837,175.80339130007061,0.007978765691462495,176.92714988435745,0.9998488683965625,177.32419252793923,175.80339130007061,0.008650579585651064,177.14179489942055,0.999940037196133
exp,512,3,21073094,209,33.68175983428955,8.521230697631836,4.6033036074245626e-05,4194304,203457,beta22,independent product integrals of fixed fields,145.1822385912728,145.07515681305517,0.0007381124416471921,145.17281904243498,0.9999642368943978,177.0488563212333,175.80339130007061,0.007084419771157092,176.77923966398384,0.999990185483111,177.04681445524398,175.80339130007061,0.007072805285371426,176.94892462101984,0.9999094498632854
exp,512,4,21073191,203,33.823484897613525,8.496996641159058,5.125461307540034e-05,4194304,203457,beta22,independent product integrals of fixed fields,145.1943501208868,145.07515681305517,0.0008215969601551424,145.18543640431,0.9999590488625187,177.07726270364577,175.80339130007061,0.0072460001718672494,176.7525552437909,0.9999483087762049,177.14190954822013,175.80339130007061,0.00761372256957693,176.92330839493926,0.9999759907092252
exp,512,5,21073288,201,33.67777991294861,8.50420331954956,5.7263435012447495e-05,4194304,203457,beta22,independent product integrals of fixed fields,145.2147725028704,145.07515681305517,0.0009623680089840578,145.20210736639095,0.999961803876957,177.16123550967524,175.80339130007061,0.007723651970325081,176.9918378793592,0.9999717111777237,177.26360366117376,175.80339130007061,0.00830593966535479,177.06457696696737,0.9999439832929127
exp,512,6,21073385,208,33.67924427986145,8.523359298706055,5.8545241238981505e-05,4194304,203457,beta22,independent product integrals of fixed fields,145.18744483988164,145.07515681305517,0.0007739990036416603,145.18540106056236,0.9999596200375231,176.8553794067639,175.80339130007061,0.005983889724275473,176.64591053121265,0.9999779246968753,177.05456993027184,175.80339130007061,0.007116919764452357,176.82295135130946,0.9999845825989413
exp,512,7,21073482,201,33.802013635635376,8.54266619682312,3.252832541703271e-05,4194304,203457,beta22,independent product integrals of fixed fields,145.19864608964411,145.07515681305517,0.0008512089823074972,145.19002169063606,0.9999627400343163,177.04266531502427,175.80339130007061,0.007049204260447921,176.87465331073113,1.00000391042435,177.10979950339404,175.80339130007061,0.007431075098509227,177.02601277112873,0.9999626544754359
exp,512,8,21073579,204,33.825379848480225,8.51085901260376,6.522228736553522e-05,4194304,203457,beta22,independent product integrals of fixed fields,145.18848512315063,145.07515681305517,0.0007811696543019418,145.19298495798043,0.9999652216083234,177.0815005757745,175.80339130007061,0.007270105919187522,176.77359532243858,0.9999534077064811,177.03676214198137,175.80339130007061,0.007015625994413111,176.90877399258676,0.9999072125469092
exp,512,9,21073676,205,33.68580198287964,8.520405530929565,6.143669390636489e-05,4194304,203457,beta22,independent product integrals of fixed fields,145.1900492735845,145.07515681305517,0.0007919513102947743,145.1859628528197,0.9999663799679062,177.1884460095377,175.80339130007061,0.007878429984908534,176.99214572006986,0.9999599668115298,177.26011187681152,175.80339130007061,0.008286077793883384,177.06007028508506,0.999988217589692
exp,512,10,21073773,199,33.81982350349426,8.543969631195068,4.8515413540073156e-05,4194304,203457,beta22,independent product integrals of fixed fields,145.1859182107646,145.07515681305517,0.0007634759812954516,145.18775134978085,0.9999652696933357,176.88218076175636,175.80339130007061,0.006136340452297697,176.69945591071422,0.9999882082965091,177.08412462688577,175.80339130007061,0.007285031974321407,176.84218053807152,1.0000302400071588
exp,512,11,21073870,206,33.82692360877991,8.511749744415283,5.647093030961187e-05,4194304,203457,beta22,independent product integrals of fixed fields,145.2095708493255,145.07515681305517,0.0009265131206684504,145.21064659536438,0.9999685461750585,176.9781947081646,175.80339130007061,0.006682484333244607,176.74994189958753,0.9999875277361792,177.22334478155494,175.80339130007061,0.008076940217044363,177.03614423315094,1.0000224656470575
exp,512,12,21073967,193,33.686267614364624,8.498444557189941,4.973678765368639e-05,4194304,203457,beta22,independent product integrals of fixed fields,145.20583596318878,145.07515681305517,0.0009007686292009061,145.21083002928881,0.9999634050618347,176.86079725287956,175.80339130007061,0.006014707367072983,176.64192343816435,0.9999483657802476,177.31975964788595,175.80339130007061,0.008625364599634554,177.00957092642844,0.9999946192662433
exp,512,13,21074064,203,33.82739448547363,8.611255645751953,4.294098496171931e-05,4194304,203457,beta22,independent product integrals of fixed fields,145.20371052241262,145.07515681305517,0.0008861180107018789,145.20263904958446,0.9999652093304336,176.8946725310471,175.80339130007061,0.006207395789730929,176.7411077978727,0.9999981647425198,177.14666838490206,175.80339130007061,0.007640791653095388,176.88553385743842,0.9999218416756576
exp,512,14,21074161,202,33.782177686691284,8.51282024383545,7.004814881610861e-05,4194304,203457,beta22,independent product integrals of fixed fields,145.2035534180747,145.07515681305517,0.0008850350938099243,145.19807451430842,0.9999656328268037,177.01388126896398,175.80339130007061,0.006885475643795978,176.8448226222386,0.9999105148608388,177.31855270195015,175.80339130007061,0.008618499283062067,177.06487777048028,0.9999764908471289
exp,512,15,21074258,196,33.673076152801514,8.521436929702759,4.6943815380996264e-05,4194304,203457,beta22,independent product integrals of fixed fields,145.20364283961806,145.07515681305517,0.0008856514746246332,145.20694481959217,0.9999637015622034,177.0307010885692,175.80339130007061,0.006981149677617706,176.78441473962613,0.9999531100488193,177.18202721076494,175.80339130007061,0.007841918750823178,176.85525728825456,0.9999241326291313
exp,512,16,21074355,205,33.81637525558472,8.529842853546143,5.537055736839753e-05,4194304,203457,beta22,independent product integrals of fixed fields,145.1906857931781,145.07515681305517,0.0007963388264455835,145.1819221714739,0.9999615620570841,176.96626140826618,175.80339130007061,0.006614605666000571,176.61777706292767,0.9998912706701102,176.87099874947506,175.80339130007061,0.006072735238549518,176.74646258649867,0.999994929318273
exp,512,17,21074452,193,33.666744232177734,8.56625485420227,4.383653989614418e-05,4194304,203457,beta22,independent product integrals of fixed fields,145.21073292062678,145.07515681305517,0.000934523253669911,145.20587384519288,0.9999635466944946,177.05390597364638,175.80339130007061,0.0071131430646938975,176.88470865968162,1.000013696099144,177.2720403728226,175.80339130007061,0.008353929135787933,177.02029985690157,0.9998883550230276
exp,512,18,21074549,191,33.78025507926941,8.523714065551758,7.606696369026149e-05,4194304,203457,beta22,independent product integrals of fixed fields,145.19783998703082,145.07515681305517,0.0008456525339740645,145.192911472884,0.9999663388026153,177.08289033357485,175.80339130007061,0.007278011101164253,176.7679664110163,0.9999298801160842,177.08466553026528,175.80339130007061,0.007288108726001316,176.92416848920737,0.999936664336845
exp,512,19,21074646,206,33.67278838157654,8.501307487487793,5.442347704735515e-05,4194304,203457,beta22,independent product integrals of fixed fields,145.1975713373897,145.07515681305517,0.0008438007376566924,145.1946392754178,0.9999663726000492,176.78463791778367,175.80339130007061,0.005581499938406822,176.58770646238355,0.9999541344200717,177.07097943395866,175.80339130007061,0.007210259850587598,176.8793268351114,0.9999732776115295
